signal_id,symbol,action,direction,entry_time,entry_price,entry_delta_5m,entry_imbalance,entry_aggression,entry_latest_event,entry_cvd,price_after_1m,price_after_5m,price_after_15m,max_favorable_pct,max_adverse_pct,final_return_pct,completed_time
076afe86-6ba7-41a2-8d05-50a0eb0b7ce8,BTCUSDT,LONG_BIAS,LONG,2026-07-02T10:24:37.248399+00:00,61211.2,149836.87140000003,0.6825390824083377,0.6419857940110486,TRADE_BURST,149836.87139999997,61200.6,61182.5,61269.4,0.0010422929137151847,0.0012318007162087034,0.0009508063883734409,2026-07-02T10:39:37.739753+00:00
6ffac4ce-e1a4-45f4-9cb4-3af1e8d7daac,SOLUSDT,LONG_BIAS,LONG,2026-07-02T10:24:37.252049+00:00,80.24,474474.1048,0.379242577403604,0.9351887087738301,BUY_AGGRESSION,474474.1047999999,80.23,80.2,80.87,0.008474576271186526,0.0017447657028913331,0.007851445663011087,2026-07-02T10:39:37.739753+00:00
3f21e278-ac0a-48f8-8662-654a7e46e67c,ETHUSDT,SHORT_BIAS,SHORT,2026-07-02T10:25:23.623410+00:00,1644.99,-1021634.2005299989,-0.4257517796144136,0.36572281997585526,LARGE_TRADE,-1021634.2005300004,1645.44,1645.61,1646.52,0.001112468768807061,0.002121593444337053,-0.0009300968394944484,2026-07-02T10:40:24.315598+00:00
bbc8e3d8-fa27-44b0-932b-0216488194d3,XRPUSDT,LONG_BIAS,LONG,2026-07-02T10:26:19.304424+00:00,1.0748,172298.4460399998,0.2756208096045578,0.625520605734879,BUY_AGGRESSION,172298.44604000007,1.0755,1.0761,1.0794,0.005024190547078593,0.00027912169705988736,0.0042798660215853535,2026-07-02T10:41:19.711360+00:00
5bf502f5-c8aa-4b86-a5e0-2cb9edf318af,ZECUSDT,LONG_BIAS,LONG,2026-07-02T10:26:33.544568+00:00,423.78,121646.42531,0.8186339933966935,0.67581464584749,BUY_AGGRESSION,121646.42530999996,424.67,427.88,427.34,0.012317712020388002,0.0,0.008400585209306722,2026-07-02T10:41:33.822829+00:00
40b9c4b3-6b61-40ff-80ae-ab2ee428383b,DOGEUSDT,LONG_BIAS,LONG,2026-07-02T10:27:22.386955+00:00,0.07371,1413568.1354699982,0.24732384127456414,0.8661640385461482,BUY_AGGRESSION,1413568.1354699996,0.07366,0.07377,0.07402,0.004748338081671457,0.0009496676163342914,0.004205670872337603,2026-07-02T10:42:22.894882+00:00
7a8dbbfb-101c-439f-827d-8d0d354f6fd7,SOLUSDT,LONG_BIAS,LONG,2026-07-02T10:29:46.393637+00:00,80.24,10032020.415200053,0.3475637241337321,0.6323263215960894,LARGE_TRADE,10255903.223399987,80.24,80.4,81.05,0.013584247258225367,0.0008723828514455781,0.0100947158524427,2026-07-02T10:44:46.818579+00:00
92aa4427-54ce-4984-8224-ea2dda0297be,BTCUSDT,SHORT_BIAS,SHORT,2026-07-02T10:29:50.521468+00:00,61213.0,-6306649.544399967,-0.8127424775809812,0.3904516346575942,LARGE_TRADE,-6199713.373099981,61223.9,61251.2,61174.9,0.0006730596441931794,0.0019113586983157173,0.0006224168068874021,2026-07-02T10:44:51.239274+00:00
ecb1304c-d576-4e42-8b53-35f25e9d44a5,ETHUSDT,SHORT_BIAS,SHORT,2026-07-02T10:30:25.849648+00:00,1645.73,-4757768.275649992,-0.40847486963866214,0.36067706369055763,LARGE_TRADE,-5801391.482380014,1647.2,1646.78,1643.03,0.0017439069592218154,0.0018897389000625253,0.0016406093344595075,2026-07-02T10:45:26.535108+00:00
a5d2d7d0-6ae9-4c6c-8721-27d2fe8f8285,NEARUSDT,LONG_BIAS,LONG,2026-07-02T10:30:58.243396+00:00,1.951,224198.69200000013,0.17225884087040932,0.7055138797294227,BUY_AGGRESSION,184040.50900000005,1.951,1.95,1.935,0.0010251153254741167,0.00922603792926705,-0.008200922603792933,2026-07-02T10:45:58.450814+00:00
56a90bd2-5d3b-41e1-a532-46bbcadb1515,BNBUSDT,LONG_BIAS,LONG,2026-07-02T10:31:01.372158+00:00,556.81,170726.49319999985,0.9892998937402483,0.6070853919006073,BUY_AGGRESSION,138928.01050000003,556.61,556.81,556.17,0.0005208239794545308,0.0019755392324130477,-0.0011494046443131165,2026-07-02T10:46:01.831730+00:00
9d89e5f5-ca35-43f4-b94e-f5294eb7f096,ADAUSDT,LONG_BIAS,LONG,2026-07-02T10:31:01.388583+00:00,0.1584,148538.5500000001,0.16779890849414605,0.6266589367772398,BUY_AGGRESSION,180514.1456,0.1586,0.1593,0.1587,0.005681818181818081,0.0012626262626262987,0.0018939393939393604,2026-07-02T10:46:01.831730+00:00
f1eedcc4-2d16-46b4-932b-b9f1822fea4d,AVAXUSDT,LONG_BIAS,LONG,2026-07-02T10:31:17.156534+00:00,6.769,105801.5580000002,0.2093686811871534,0.7016631029369236,BUY_AGGRESSION,91521.344,6.765,6.772,6.777,0.0025114492539517596,0.0008863938543359768,0.0011818584724479254,2026-07-02T10:46:17.364693+00:00
ed640ed2-b3b9-4e45-8b5a-152023faf74f,XRPUSDT,LONG_BIAS,LONG,2026-07-02T10:31:30.811060+00:00,1.0765,287615.5371499995,0.15379181094771746,0.6027834264698075,BUY_AGGRESSION,577696.1315800011,1.0765,1.0796,1.0796,0.004830469112865855,9.289363678586993e-05,0.0028797027403621744,2026-07-02T10:46:31.728209+00:00
41426f01-c2ec-41fa-ad4a-4378d26949ed,AAVEUSDT,SHORT_BIAS,SHORT,2026-07-02T10:31:42.327426+00:00,85.97,-126456.69600000003,-0.1692788237684845,0.34011190345154735,LARGE_TRADE,-134294.4,85.93,86.09,86.17,0.00093055717110618,0.002326392927765533,-0.002326392927765533,2026-07-02T10:46:42.752228+00:00
77b8d10f-0699-4e04-8e25-14f6e2e1b1d8,ZECUSDT,LONG_BIAS,LONG,2026-07-02T10:32:24.021999+00:00,425.61,3087610.2108700103,0.6156384537568428,0.6683628734841977,CONFIRMED_BULLISH_ABSORPTION,3365332.7771999915,425.55,426.53,427.02,0.005263034233218226,0.0016212025093395308,0.0033128920843024556,2026-07-02T10:47:24.624801+00:00
578a400a-2448-431e-9f9d-9a47bd52196b,DOGEUSDT,LONG_BIAS,LONG,2026-07-02T10:33:44.769919+00:00,0.07381,155848.30246999976,0.365391068407427,0.5809218944701724,BUY_AGGRESSION,1509335.3965299993,0.0739,0.07393,0.07391,0.003522557918981118,0.00013548299688383855,0.0013548299688389495,2026-07-02T10:48:44.856229+00:00
2a099444-378d-474c-bb4a-c7cf9d8d5047,SUIUSDT,LONG_BIAS,LONG,2026-07-02T10:33:48.010168+00:00,0.7387,106187.05503000016,0.20424522411027674,0.6037294175711234,BUY_AGGRESSION,78378.76559999998,0.7391,0.7389,0.7406,0.0036550697170704273,0.0002707459049681575,0.002572086097197797,2026-07-02T10:48:48.174907+00:00
895cb89e-3dc1-45c6-9f85-30bf3a9403bb,LINKUSDT,LONG_BIAS,LONG,2026-07-02T10:34:22.611194+00:00,7.652,134352.81300000008,0.20423368147915918,0.5963462477611176,BUY_AGGRESSION,126476.89734000007,7.654,7.648,7.64,0.0013068478829064017,0.0032671197072661204,-0.001568217459487775,2026-07-02T10:49:23.422029+00:00
ec5e2e01-cc1b-4bea-b45c-3a52f990bdc1,BTCUSDT,SHORT_BIAS,SHORT,2026-07-02T10:34:51.501384+00:00,61251.2,-13611272.125499964,-0.7391924730891271,0.36279643526195904,LARGE_TRADE,-20082872.586500064,61249.4,61256.6,61255.8,0.0021371009874091313,0.0012865054072410485,-7.510056945832606e-05,2026-07-02T10:49:52.056041+00:00
07921575-c447-45a1-8ca9-f59fee771573,ETHUSDT,SHORT_BIAS,SHORT,2026-07-02T10:35:28.735610+00:00,1647.04,-5601739.669169955,-0.6872040062627527,0.41906278588375334,BEARISH_DIVERGENCE,-11300113.986850023,1646.19,1646.29,1645.12,0.0028778900330289543,0.0010928696327957759,0.0011657276083155677,2026-07-02T10:50:29.408092+00:00
18a501da-886f-44f3-819a-010f894cd35c,SOLUSDT,LONG_BIAS,LONG,2026-07-02T10:35:33.048393+00:00,80.7,4858146.569900008,0.46495004388110556,0.582302412586243,LARGE_TRADE,15622453.588899957,80.61,80.74,81.32,0.00929368029739777,0.002106567534076849,0.00768277571251537,2026-07-02T10:50:33.756100+00:00
c2e40eda-4ad1-4644-a8e9-cbd6bcd36419,ADAUSDT,LONG_BIAS,LONG,2026-07-02T10:36:27.415552+00:00,0.1591,272864.05650000006,0.21763693826836134,0.5897127002639164,BUY_AGGRESSION,603038.6738000021,0.159,0.1589,0.1586,0.0006285355122565478,0.005656819610307883,-0.0031426775612822156,2026-07-02T10:51:28.406026+00:00
c183c45f-8655-4393-8e79-51b3d53d0698,BNBUSDT,LONG_BIAS,LONG,2026-07-02T10:37:30.461164+00:00,556.83,128283.84879999975,0.5776587112486582,0.5856101538205046,BUY_AGGRESSION,58662.49070000013,556.6,556.83,556.38,0.0004848876676902857,0.002011385880789477,-0.000808146112817279,2026-07-02T10:52:30.595193+00:00
1b998925-b7af-4749-a4a8-608a0dbb4b28,BNBUSDT,LONG_BIAS,LONG,2026-07-02T10:58:04.394350+00:00,556.58,100377.1496,0.37714079823520086,0.8113523185921635,TRADE_BURST,100377.1496,556.35,556.22,557.62,0.0025333285421681845,0.0010959790146969233,0.0018685543857126802,2026-07-02T11:13:04.489751+00:00
a7962d8c-ea0a-432a-a5d2-cd72cf136e70,ETHUSDT,LONG (SWEEP),LONG,2026-07-02T10:58:34.671124+00:00,1645.42,332884.7105599935,-0.1541031159621986,0.5200472512583586,SWEEP_CONFLUENCE,332884.7105599999,1645.03,1645.12,1651.33,0.00543326323978062,0.0007171421278458167,0.0035917881148885113,2026-07-02T11:13:35.161351+00:00
64b695d3-75a0-40c2-94eb-ac31dc100b22,BCHUSDT,SHORT_BIAS,SHORT,2026-07-02T11:02:58.938956+00:00,218.07,-100887.26327,-0.2672259229732842,0.3488065056347519,SELL_AGGRESSION,-23458.63543000002,218.12,217.77,217.91,0.002338698583023758,0.002430412252946307,0.00073370935938,2026-07-02T11:17:59.754726+00:00
5234d7b7-686d-49ef-a1a3-5f43cb641f8b,DOGEUSDT,SHORT_BIAS,SHORT,2026-07-02T11:03:41.843722+00:00,0.07379,-391362.8004499994,-0.1672909898889358,0.36030597588294905,SELL_AGGRESSION,-375175.3931799997,0.07381,0.07388,0.074,0.00040655915435680134,0.006098387315354465,-0.002845914080498738,2026-07-02T11:18:42.114679+00:00
79133f84-440e-40b4-a662-0924e2030d6c,LINKUSDT,SHORT_BIAS,SHORT,2026-07-02T11:04:53.597540+00:00,7.625,-197954.0688600002,-0.16331013631242122,0.30565026664888406,SELL_AGGRESSION,-121076.69171000007,7.628,7.63,7.645,0.0005245901639343685,0.004983606557377083,-0.002622950819672075,2026-07-02T11:19:54.050609+00:00
d8283e45-9e80-429d-90cc-5df4fd89d6fb,WLDUSDT,LONG_BIAS,LONG,2026-07-02T11:05:16.993436+00:00,0.3781,215878.5248000003,0.21185333190718053,0.6956137258088274,BUY_AGGRESSION,48453.24430000017,0.3791,0.3796,0.3811,0.012695054218460795,0.0,0.00793440888653796,2026-07-02T11:20:17.908333+00:00
755d4c54-fd64-44db-8f6e-39184e918b0e,NEARUSDT,LONG_BIAS,LONG,2026-07-02T11:09:59.331895+00:00,1.945,100525.51699999993,0.15658875028428726,0.5935628122223383,BUY_AGGRESSION,99821.14700000026,1.946,1.948,1.947,0.0030848329048843216,0.002570694087403658,0.0010282776349614404,2026-07-02T11:24:59.483650+00:00
dec08795-3b7c-42da-813e-642282bf891b,TRXUSDT,LONG_BIAS,LONG,2026-07-02T11:12:24.804937+00:00,0.31705,136121.2127299999,0.8441710056693402,0.8479641282331822,BUY_AGGRESSION,135836.15536,0.31693,0.3169,0.31695,3.154076644065605e-05,0.0009146822267781501,-0.00031540766440621036,2026-07-02T11:27:25.270823+00:00
6801dc8b-32c8-4564-b60a-8b4c5d8e66a0,ZECUSDT,SHORT_BIAS,SHORT,2026-07-02T11:35:21.580919+00:00,445.95,-164741.39306999993,-0.7307138815054255,0.08174099401748135,SELL_AGGRESSION,-164741.39306999996,446.67,446.21,449.92,0.003430877901109929,0.024778562619127732,-0.008902343312030558,2026-07-02T11:50:21.930665+00:00
648a4886-5b2c-4bdd-8413-a5f196500ef1,SUIUSDT,LONG_BIAS,LONG,2026-07-02T11:36:10.117187+00:00,0.7444,117791.01788000006,0.2197341823770237,0.7530988508964448,BUY_AGGRESSION,117791.01787999998,0.7438,0.7424,0.7413,0.0006716818914562816,0.004836109618484601,-0.004164427727028469,2026-07-02T11:51:10.355528+00:00
aa9ad3ef-edb4-42af-997d-bdab35bea96a,AAVEUSDT,SHORT_BIAS,SHORT,2026-07-02T11:37:19.325881+00:00,87.69,-100579.3590000001,-0.18821173955102216,0.3119978365818779,SELL_AGGRESSION,-100579.35899999997,87.56,87.38,87.31,0.006614209145854697,0.0005701904436081327,0.004333447371422003,2026-07-02T11:52:20.257215+00:00
88b855ac-cbf7-46c3-b042-8123a33cc4c9,BCHUSDT,LONG_BIAS,LONG,2026-07-02T11:42:07.567267+00:00,216.69,140733.57403000013,0.7359232405411311,0.6732597317138578,BULLISH_DIVERGENCE,-218629.3953299987,216.9,216.79,215.84,0.0015229129170705271,0.006183949420831619,-0.003922654483363304,2026-07-02T11:57:07.728410+00:00
99c604db-c8a9-42aa-b9c3-efe300dee302,ADAUSDT,LONG_BIAS,LONG,2026-07-02T11:45:33.907252+00:00,0.16,226683.16530000005,0.18198046851478372,0.6308620954562951,TRADE_BURST,201929.68530000004,0.1601,0.1591,0.1594,0.001874999999999967,0.008124999999999973,-0.0037500000000001074,2026-07-02T12:00:34.106348+00:00
ba31c61e-5c4b-468e-bd96-50d3bb869c64,XRPUSDT,LONG_BIAS,LONG,2026-07-02T11:47:59.232051+00:00,1.0844,298061.86685999914,0.1971791201845301,0.580567479544971,BUY_AGGRESSION,544740.9625999999,1.084,1.0839,1.0836,0.0006455182589449677,0.0034120250829952382,-0.0007377351530801678,2026-07-02T12:02:59.602794+00:00
0595dfca-a9d7-4f7d-bafd-0fd716b164c5,NEARUSDT,LONG_BIAS,LONG,2026-07-02T11:49:04.189859+00:00,1.943,136597.03800000026,0.1619370044283566,0.6104085524455005,BUY_AGGRESSION,33585.95399999988,1.942,1.941,1.947,0.0030880082346886285,0.0046320123520329996,0.002058672156459086,2026-07-02T12:04:04.298954+00:00
5bac5416-45e8-41be-b5a5-1738bff214c1,SUIUSDT,SHORT_BIAS,SHORT,2026-07-02T11:49:31.916076+00:00,0.7417,-190206.05739000032,-0.17689199117390803,0.304083712084292,SELL_AGGRESSION,-276803.5911300001,0.7415,0.7422,0.7408,0.003370635027639285,0.0014830794121612374,0.0012134286099501307,2026-07-02T12:04:32.765893+00:00
c0c3e3f7-ceef-44d2-ba6f-b0fe15a20e90,AAVEUSDT,SHORT_BIAS,SHORT,2026-07-02T11:49:55.697377+00:00,87.47,-111655.80400000003,-0.173822660092171,0.3625785213081277,SELL_AGGRESSION,-294746.98600000003,87.36,87.04,87.59,0.007431119240882653,0.0016005487595747178,-0.001371898936778376,2026-07-02T12:04:56.676918+00:00
b244a5fc-f475-4758-8902-ea5a8fe4b9b9,UNIUSDT,LONG_BIAS,LONG,2026-07-02T12:01:39.591903+00:00,3.049,141880.57500000036,0.16368671133149887,0.5839262513418136,BULLISH_DIVERGENCE,-674642.5599999962,3.044,3.057,3.087,0.013775008199409728,0.005575598556903871,0.01246310265660881,2026-07-02T12:16:39.841040+00:00
ff038853-b025-4035-9a53-0d74ab67b74a,WLDUSDT,LONG_BIAS,LONG,2026-07-02T12:03:07.477087+00:00,0.3796,188881.22149999984,0.4528716495300086,0.6436391140977191,BUY_AGGRESSION,59582.255699999696,0.3797,0.3801,0.3806,0.004478398314014698,0.00026343519494201524,0.002634351949420445,2026-07-02T12:18:08.321287+00:00
f17a549a-abb3-478d-a88c-b23c6cad8fe0,BNBUSDT,SHORT_BIAS,SHORT,2026-07-02T12:04:49.749440+00:00,560.1,-336299.8966000003,-0.1609516418162135,0.4062431383644743,SELL_AGGRESSION,109074.20439999922,560.45,560.38,559.71,0.0009105516871986982,0.002945902517407565,0.0006963042313872279,2026-07-02T12:19:50.480606+00:00
5b7c6cc3-7847-4765-b918-372a5f514e9d,LINKUSDT,SHORT_BIAS,SHORT,2026-07-02T12:04:54.369155+00:00,7.649,-113363.9982,-0.16895320886767876,0.32697691778950827,SELL_AGGRESSION,-238490.82308000047,7.651,7.658,7.646,0.0014380964832004341,0.004706497581383133,0.0003922081317819471,2026-07-02T12:19:55.274612+00:00
cc791c37-0753-4e06-8764-404158de096a,SUIUSDT,LONG_BIAS,LONG,2026-07-02T12:06:13.012278+00:00,0.7417,130381.37587999996,0.17548907089210836,0.6771696144457409,BUY_AGGRESSION,-141406.62993999966,0.7422,0.7423,0.739,0.003370635027639135,0.004314412835378159,-0.003640285829850392,2026-07-02T12:21:14.227743+00:00
6b402075-9543-44d6-a7aa-d8deeab48e71,BCHUSDT,LONG_BIAS,LONG,2026-07-02T12:07:47.974839+00:00,216.21,150682.30265000003,0.18080595597935573,0.7637284471505943,BUY_AGGRESSION,-510195.21651999594,216.07,216.67,216.93,0.01114657046390082,0.0008787752647888521,0.0033300957402525267,2026-07-02T12:22:49.040535+00:00
870132b9-199f-405e-9ebe-c281d3020373,DOGEUSDT,LONG_BIAS,LONG,2026-07-02T12:10:36.416855+00:00,0.07428,137738.42326000019,0.20507220100678916,0.5898542047397162,BUY_AGGRESSION,-110507.17141000004,0.07427,0.07446,0.07413,0.002827140549273046,0.003500269251480834,-0.002019386106623551,2026-07-02T12:25:37.198837+00:00
d4e908f3-fa10-4a7f-9e13-e2c9f962e9e2,AAVEUSDT,LONG_BIAS,LONG,2026-07-02T12:12:40.654117+00:00,87.8,103990.75000000006,0.21346329697400873,0.6882128916825192,BUY_AGGRESSION,-466285.93099999975,87.69,88.1,88.01,0.00649202733485202,0.0051252847380410345,0.002391799544419225,2026-07-02T12:27:40.853204+00:00
3d9a4b23-10eb-49f2-bf74-410121508cf8,UNIUSDT,LONG_BIAS,LONG,2026-07-02T12:15:00.735990+00:00,3.086,156459.30100000039,0.15291929092803455,0.5815573469262548,BUY_AGGRESSION,-552277.1939999978,3.085,3.076,3.132,0.021062864549578727,0.0064808813998703885,0.014906027219701965,2026-07-02T12:30:01.833769+00:00
46948c89-c212-4ebc-9867-4a297eda6598,LINKUSDT,LONG_BIAS,LONG,2026-07-02T12:15:18.097139+00:00,7.685,249700.22293,0.28616460492967527,0.6797912071475036,BUY_AGGRESSION,49401.27900999954,7.671,7.642,7.708,0.00741704619388424,0.006115810019518505,0.002992843201041064,2026-07-02T12:30:18.920923+00:00
cbab5512-0ed6-4c17-87c5-014965b745d4,SUIUSDT,SHORT_BIAS,SHORT,2026-07-02T12:19:26.716673+00:00,0.7418,-108339.8531099997,-0.1654217584211198,0.37986553693784536,SELL_AGGRESSION,-199774.33346999978,0.7401,0.7398,0.7418,0.0044486384470207195,0.005527096252359117,0.0,2026-07-02T12:34:26.718715+00:00
7ba8069d-0bd9-42da-aa5a-035634ee5dc2,LINKUSDT,SHORT_BIAS,SHORT,2026-07-02T12:20:25.164095+00:00,7.643,-297071.90856999974,-0.1533595428275882,0.26244485651077076,BEARISH_DIVERGENCE,-254689.74507000032,7.642,7.662,7.699,0.0002616773518251707,0.012953028915347404,-0.0073269658511055935,2026-07-02T12:35:25.452035+00:00
53323c43-5ac1-463b-a6e8-3097df93e7c0,AVAXUSDT,SHORT_BIAS,SHORT,2026-07-02T12:21:26.024395+00:00,6.764,-341126.80100000044,-0.321485849315008,0.20885019551294268,SELL_AGGRESSION,-360536.02800000017,6.771,6.775,6.79,0.00014784151389715168,0.0072442341809579374,-0.0038438793613246305,2026-07-02T12:36:27.149473+00:00
b1a0e499-ddcc-4372-986c-8332cded589a,UNIUSDT,LONG_BIAS,LONG,2026-07-02T12:28:20.529652+00:00,3.116,173203.68700000062,0.3094963813166402,0.5891209620116971,BUY_AGGRESSION,-569806.7979999987,3.133,3.125,3.132,0.011232349165596822,0.003209242618742051,0.005134788189987167,2026-07-02T12:43:20.807394+00:00
ec2be4a9-3ed8-4ed4-b514-f768b97f171c,AVAXUSDT,LONG_BIAS,LONG,2026-07-02T12:32:42.555490+00:00,6.803,166060.53599999985,0.24940474087598835,0.5937356029301417,BUY_AGGRESSION,-207890.8630000004,6.782,6.796,6.796,0.00029398794649416137,0.003968837277671635,-0.00102895781272963,2026-07-02T12:47:42.911852+00:00
ae6eac6f-273e-412b-bd6d-03384a32494f,DOGEUSDT,SHORT_BIAS,SHORT,2026-07-02T12:41:37.512532+00:00,0.07428,-209592.01516999956,-0.24606237153614313,0.41535829816387965,SELL_AGGRESSION,-1735615.213799998,0.07427,0.07431,0.07428,0.0010770059235325356,0.003365643511039314,0.0,2026-07-02T12:56:37.612673+00:00
70f48c37-2df2-44cf-96c8-c54164c779dc,BNBUSDT,SHORT_BIAS,SHORT,2026-07-02T12:44:36.419617+00:00,561.21,-194177.92340000003,-0.5104211338592675,0.37267053024160046,SELL_AGGRESSION,-764142.8726000005,561.4,561.52,562.25,0.00039201012098862687,0.0031182623260455084,-0.0018531387537641232,2026-07-02T12:59:37.499599+00:00
a93c36cb-20ab-4a20-ae07-88e6ce38b4f5,WLDUSDT,SHORT_BIAS,SHORT,2026-07-02T12:48:20.340002+00:00,0.3793,-313638.86149999965,-0.1766012580603665,0.2969791923753633,SELL_AGGRESSION,488410.6058999975,0.3797,0.38,0.38,0.002900079093066294,0.004481940416556761,-0.0018455048774056904,2026-07-02T13:03:20.896112+00:00
490a91cf-4ce3-4f29-84bf-2c4ccf09cc65,BNBUSDT,LONG_BIAS,LONG,2026-07-02T12:49:39.281788+00:00,561.57,167217.02879999985,0.7152393588175308,0.596516152314725,BUY_AGGRESSION,-611415.6323000022,562.13,562.6,563.35,0.004095660380718262,3.5614438093373036e-05,0.003169684990295017,2026-07-02T13:04:40.129716+00:00
e0bfc555-e18e-4af8-8f0c-56ef20905e46,DOGEUSDT,SHORT_BIAS,SHORT,2026-07-02T12:50:23.563705+00:00,0.07429,-142747.93573999987,-0.15121297103546774,0.40528948787021124,SELL_AGGRESSION,-1929725.595049995,0.07432,0.07439,0.07443,0.0012114685691209162,0.0032305828509894214,-0.001884506663077147,2026-07-02T13:05:24.552780+00:00
d340af61-327e-4905-8629-4366b49f8676,UNIUSDT,LONG_BIAS,LONG,2026-07-02T12:52:20.875826+00:00,3.173,185358.8409999995,0.1788186355411307,0.5804365437775392,BUY_AGGRESSION,-178359.20799999862,3.176,3.167,3.194,0.007878978884336562,0.010085092971950845,0.006618342262842706,2026-07-02T13:07:21.768271+00:00
96b8bd98-cc47-49d5-9ebf-85c2c4c176d2,LTCUSDT,LONG_BIAS,LONG,2026-07-02T13:49:13.749811+00:00,43.7,282471.6993100002,0.2165054822046124,0.6001024471531791,BUY_AGGRESSION,219284.38184000013,43.75,43.61,43.62,0.0018306636155606016,0.0038901601830664003,-0.0018306636155607642,2026-07-02T14:04:14.864099+00:00
d58fa2b8-7610-46f9-8061-bf7b564a7d53,UNIUSDT,LONG_BIAS,LONG,2026-07-02T13:50:04.175807+00:00,3.192,156229.4459999996,0.1580791437806858,0.5934847737865574,BUY_AGGRESSION,154844.1330000001,3.203,3.201,3.199,0.008458646616541256,0.004072681704260759,0.0021929824561402484,2026-07-02T14:05:05.739423+00:00
dc47310a-de89-49fb-bcf5-269b63ef92ea,TRXUSDT,LONG_BIAS,LONG,2026-07-02T13:51:35.524206+00:00,0.31849,103256.98079999999,0.6361248061592462,0.9193242215737483,TRADE_BURST,93875.88869000005,0.31849,0.3183,0.31854,0.0029514270463750713,0.0010989356023737543,0.00015699080033908285,2026-07-02T14:06:35.675252+00:00
de6fc8ab-3894-4997-8cbb-08b078ea04f0,NEARUSDT,SHORT_BIAS,SHORT,2026-07-02T13:53:53.357951+00:00,1.942,-128474.89999999985,-0.17601702999063076,0.3219595444763878,SELL_AGGRESSION,-220717.70999999988,1.942,1.94,1.94,0.002059732234809477,0.003089598352214215,0.0010298661174047384,2026-07-02T14:08:54.170261+00:00
6e2f4414-af08-4b9c-ad0f-f464a847fda5,AVAXUSDT,SHORT_BIAS,SHORT,2026-07-02T13:55:36.961643+00:00,6.828,-445665.29899999924,-0.2488381087013617,0.2750065800680324,SELL_AGGRESSION,-518619.5260000005,6.818,6.807,6.807,0.004833040421792671,0.0020503807850028332,0.00307557117750438,2026-07-02T14:10:38.026539+00:00
fce95c62-d474-4a75-bc59-700fc48c8533,SUIUSDT,SHORT_BIAS,SHORT,2026-07-02T13:57:51.316648+00:00,0.7496,-158060.6512099998,-0.19097868931177792,0.40017550122211387,SELL_AGGRESSION,-194004.4271100003,0.749,0.75,0.749,0.006670224119530422,0.001067235859124749,0.0008004268943437099,2026-07-02T14:12:52.350934+00:00
f5e74e93-ad7b-418b-aee1-25c14ff339db,UNIUSDT,SHORT_BIAS,SHORT,2026-07-02T13:58:21.705930+00:00,3.182,-277471.6610000003,-0.16586138151009097,0.3498693324533799,SELL_AGGRESSION,186314.35799999937,3.191,3.201,3.22,0.0009428032683846994,0.014142049025769933,-0.011942174732872488,2026-07-02T14:13:22.673551+00:00
a07c54df-858c-49d8-8f99-9fb2a0beef9e,TRXUSDT,LONG_BIAS,LONG,2026-07-02T13:59:12.160558+00:00,0.31839,115788.05559000006,0.9126496488123425,0.9050786619237401,BUY_AGGRESSION,146340.29352000004,0.31826,0.3186,0.31904,0.0032664342473067163,0.0004397123025221552,0.002041521404566676,2026-07-02T14:14:13.594082+00:00
ae476ecc-7885-44f8-9018-4dac5df37a8d,NEARUSDT,SHORT_BIAS,SHORT,2026-07-02T13:59:43.781564+00:00,1.94,-134065.11000000016,-0.17199583607799251,0.35947803145294654,SELL_AGGRESSION,-401424.8739999996,1.939,1.945,1.951,0.0015463917525772638,0.006701030927835115,-0.005670103092783567,2026-07-02T14:14:43.857136+00:00
c469b1c4-a52a-414d-850b-61ccdb1d95c6,LINKUSDT,LONG_BIAS,LONG,2026-07-02T14:01:32.337969+00:00,7.903,144351.13549000002,0.2685248141011636,0.5839579210882091,TRADE_BURST,23948.65279,7.913,7.889,7.917,0.004934834872833176,0.006579779830444085,0.0017714791851196046,2026-07-02T14:16:33.122938+00:00
6eb8ec63-e86f-48c5-a14c-c181d47d627d,AAVEUSDT,SHORT_BIAS,SHORT,2026-07-02T14:02:36.959312+00:00,87.91,-149329.82099999997,-0.3100132427644279,0.3350891560906432,SELL_AGGRESSION,-344003.8370000002,87.92,87.77,87.35,0.007393925605733039,0.0014787851211467372,0.00637015129109319,2026-07-02T14:17:37.088260+00:00
a826f94c-716d-47c9-ba3d-b6bb5e413c7d,LINKUSDT,LONG_BIAS,LONG,2026-07-02T14:07:53.421147+00:00,7.893,232377.92270999996,0.27987622729443473,0.5818194181338353,BUY_AGGRESSION,373830.9270799996,7.886,7.921,7.882,0.006208032433802151,0.005321170657544637,-0.0013936399341188549,2026-07-02T14:22:54.482047+00:00
2e80b883-3f9c-4614-b960-c3575a479215,AVAXUSDT,SHORT_BIAS,SHORT,2026-07-02T14:11:15.333760+00:00,6.817,-108679.95300000015,-0.25349175406759034,0.3612335575963276,BEARISH_DIVERGENCE,-304856.73200000066,6.813,6.834,6.762,0.009681678157547283,0.0035206102391081152,0.008068065131289512,2026-07-02T14:26:16.585790+00:00
51b839d1-fb9a-46e3-8886-6999a6b0c228,LTCUSDT,LONG_BIAS,LONG,2026-07-02T14:16:05.698848+00:00,43.87,318804.1494999998,0.292494740244999,0.6829013487125727,BUY_AGGRESSION,879788.7989499997,43.8,43.6,43.57,0.0011397310234785563,0.010485525416001843,-0.00683838614087069,2026-07-02T14:31:06.773341+00:00
f18ebf03-90ba-4944-a596-4781df000bbd,LINKUSDT,SHORT_BIAS,SHORT,2026-07-02T14:22:09.911535+00:00,7.881,-311173.2834800011,-0.30838715288504287,0.3808488377330167,SELL_AGGRESSION,276663.82612999715,7.898,7.857,7.836,0.008882121558177932,0.00304529881994671,0.005709935287400067,2026-07-02T14:37:10.888612+00:00
03bc7401-eb1c-4b83-a3be-a67f8d91bcb8,DOTUSDT,SHORT_BIAS,SHORT,2026-07-02T14:22:34.234285+00:00,0.855,-245086.0994999998,-0.1571969003688172,0.29267355072525036,SELL_AGGRESSION,-86686.42469999945,0.856,0.854,0.858,0.0035087719298245645,0.00467836257309942,-0.0035087719298245645,2026-07-02T14:37:35.183532+00:00
9db725d9-736b-4a3e-9712-8a923ce58bfd,LTCUSDT,LONG_BIAS,LONG,2026-07-02T14:23:06.189330+00:00,43.67,179518.43440999993,0.20597623024582365,0.6022296323786416,BUY_AGGRESSION,1055207.0018999984,43.6,43.48,43.61,0.0,0.0059537439890085895,-0.0013739409205404689,2026-07-02T14:38:06.512169+00:00
d372cbad-011b-4ac5-a078-fdc7bd85028f,AAVEUSDT,SHORT_BIAS,SHORT,2026-07-02T14:24:16.949969+00:00,87.12,-327588.6320000007,-0.23520500172969075,0.35291177856522593,SELL_AGGRESSION,-691511.1029999995,86.96,86.81,86.68,0.008379247015610698,0.0001147842056931922,0.005050505050505024,2026-07-02T14:39:17.172991+00:00
e2cb38d6-3be6-4253-99ef-9ba4ffba6ba0,LINKUSDT,SHORT_BIAS,SHORT,2026-07-02T14:27:15.023072+00:00,7.859,-225129.47688999964,-0.29005133620715645,0.38493696401709976,SELL_AGGRESSION,35460.39496999717,7.85,7.872,7.779,0.010433897442422681,0.0019086397760528923,0.010179412138948985,2026-07-02T14:42:16.060536+00:00
b4a5e0bd-7958-44c5-9adc-f005e82391da,SUIUSDT,SHORT_BIAS,SHORT,2026-07-02T14:31:40.187636+00:00,0.7421,-142182.15152999992,-0.22938345214127648,0.3975503194817381,SELL_AGGRESSION,-592425.340830002,0.7404,0.7407,0.7421,0.006468130979652374,0.0008085163724566028,0.0,2026-07-02T14:46:40.189867+00:00
00b9d2ab-22bd-40e0-a2e1-ad5f57ae285b,LINKUSDT,SHORT_BIAS,SHORT,2026-07-02T14:34:47.919201+00:00,7.839,-138647.31851999956,-0.3949138767337076,0.4177893519003868,SELL_AGGRESSION,-402918.78696000297,7.813,7.802,7.802,0.0079091720882766,0.0010205383339711707,0.004719989794616763,2026-07-02T14:49:48.226101+00:00
3d570be7-9538-458b-b907-a4ffa746e735,AAVEUSDT,SHORT_BIAS,SHORT,2026-07-02T14:37:27.075258+00:00,86.83,-143897.11600000015,-0.4341761199827077,0.3752714041160602,SELL_AGGRESSION,-891676.3460000007,86.74,86.5,86.57,0.005758378440631118,0.0014971783945640384,0.0029943567891282403,2026-07-02T14:52:27.925890+00:00
c94a0596-8f06-49ab-8ba4-7c09876eaea0,AAVEUSDT,SHORT_BIAS,SHORT,2026-07-02T14:44:39.794913+00:00,86.51,-126329.7189999996,-0.5489342487345917,0.4014778815449178,SELL_AGGRESSION,-955247.1040000003,86.72,86.73,86.49,0.003352213616922971,0.004739336492890956,0.00023118714599480096,2026-07-02T14:59:40.921169+00:00
4f174d9e-5263-48c3-9ba8-e8f5fbe76c1d,WLDUSDT,SHORT_BIAS,SHORT,2026-07-02T14:46:31.947796+00:00,0.3896,-310426.7859000002,-0.196266749444818,0.3775118375708566,SELL_AGGRESSION,-86862.43799999263,0.3899,0.3917,0.3907,0.005390143737166301,0.008470225872690003,-0.0028234086242299537,2026-07-02T15:01:32.838663+00:00
fecf1680-93cd-4a98-a045-d5089bae03e0,TRXUSDT,SHORT_BIAS,SHORT,2026-07-02T14:47:53.862109+00:00,0.31807,-144488.43124999988,-0.4559233396254741,0.18688613362993725,SELL_AGGRESSION,564769.6314599994,0.31794,0.31815,0.31824,0.0006287924041878626,0.0011318263275378736,-0.0005344735435596047,2026-07-02T15:02:54.005361+00:00
fb48d030-a522-482c-bbd6-05d51b3783ef,LINKUSDT,SHORT_BIAS,SHORT,2026-07-02T14:55:29.798160+00:00,7.775,-152504.05588999967,-0.43426037075245855,0.412259373434503,SELL_AGGRESSION,-795128.2076600048,7.776,7.797,7.756,0.003601286173633501,0.0036012861736333863,0.002443729903536994,2026-07-02T15:10:30.873083+00:00
7cc5887e-91f6-4faa-b397-fa143d69c0d1,AAVEUSDT,SHORT_BIAS,SHORT,2026-07-02T15:04:59.379100+00:00,86.27,-100495.15100000004,-0.5900600013956362,0.3922881260891574,SELL_AGGRESSION,-1152579.3590000013,86.18,86.17,86.04,0.004984351454735049,0.0022023878520922423,0.0026660484525326275,2026-07-02T15:20:00.351855+00:00
4ebceab1-1936-400a-9baf-bb552422396b,BNBUSDT,SHORT_BIAS,SHORT,2026-07-02T15:07:01.842647+00:00,561.12,-131920.1255999998,-0.9209528143518829,0.4118503136251534,SELL_AGGRESSION,-2147030.6019000188,561.18,561.99,561.99,0.0008376104932991647,0.002156401482748853,-0.0015504704875962442,2026-07-02T15:22:03.094152+00:00
b986f30e-cb89-41fe-bdae-fd62476adefb,LINKUSDT,SHORT_BIAS,SHORT,2026-07-02T15:07:34.096560+00:00,7.748,-121370.98555999983,-0.2653669611494905,0.3864081994204263,SELL_AGGRESSION,-924763.1438800043,7.759,7.772,7.774,0.00012906556530721915,0.0040010325245224175,-0.0033557046979865515,2026-07-02T15:22:34.579344+00:00
bb3e9f94-b7a2-43e2-9009-8af2740c17ef,AVAXUSDT,LONG_BIAS,LONG,2026-07-02T15:10:52.375318+00:00,6.755,147693.57400000005,0.253600954929586,0.6857376471695977,BUY_AGGRESSION,-1537508.800999998,6.766,6.757,6.756,0.0019245003700962104,0.0019245003700962104,0.00014803849000745136,2026-07-02T15:25:52.964374+00:00
56be0f43-3abe-490e-b8e8-8221bff650dd,UNIUSDT,LONG_BIAS,LONG,2026-07-02T15:11:20.419815+00:00,3.174,164010.5509999994,0.23517597439753474,0.581845679289983,BUY_AGGRESSION,962163.421000004,3.182,3.163,3.172,0.0040957781978575615,0.005356017643352207,-0.0006301197227472526,2026-07-02T15:26:21.393639+00:00
e31885f3-0313-4891-9651-23d64965dbd3,XRPUSDT,LONG_BIAS,LONG,2026-07-02T15:12:32.718258+00:00,1.0898,256391.2269999995,0.17667941684959154,0.5824598232302065,BUY_AGGRESSION,-6166955.489029985,1.089,1.0887,1.0937,0.0036703982382088485,0.00201871903101505,0.0035786382822534336,2026-07-02T15:27:33.074792+00:00
7d666588-cfae-4487-814a-90ed3f841ce2,BNBUSDT,LONG_BIAS,LONG,2026-07-02T15:15:43.987947+00:00,561.83,237151.61999999994,0.442517727159564,0.6543966643419099,BUY_AGGRESSION,-1968426.52730003,561.54,561.85,561.83,0.003221615079294351,0.001584109072139235,0.0,2026-07-02T15:30:43.988147+00:00
026703b0-71d4-494c-9a85-eab8dcdbe13d,NEARUSDT,LONG_BIAS,LONG,2026-07-02T15:16:22.960636+00:00,1.901,141272.0169999998,0.21611822945052986,0.6191048664686913,BUY_AGGRESSION,-1157729.238999991,1.899,1.903,1.903,0.003682272488164069,0.0015781167806418273,0.0010520778537611792,2026-07-02T15:31:23.820988+00:00
92ef7ef7-6783-45b5-a667-154eedc656a8,BNBUSDT,LONG_BIAS,LONG,2026-07-02T15:21:47.673343+00:00,562.23,233078.9790000004,0.44689823230442133,0.6347655986396313,BUY_AGGRESSION,-1765928.3245000322,562.07,563.08,562.23,0.0029703146399159756,0.0007825978691995349,0.0,2026-07-02T15:36:47.701802+00:00
0159ddec-d80c-4791-9261-e15ed24fe5a6,DOGEUSDT,LONG_BIAS,LONG,2026-07-02T15:23:51.354117+00:00,0.07434,136812.96497000015,0.24392986220017765,0.5907374563513025,BUY_AGGRESSION,-4761546.407560047,0.07439,0.07454,0.07434,0.0048426150121065265,0.0002690341673393345,0.0,2026-07-02T15:38:51.379764+00:00
e9f62b6b-29f8-40c7-b5d4-ccbad019e073,AAVEUSDT,LONG_BIAS,LONG,2026-07-02T15:28:17.384802+00:00,86.27,123894.6260000001,0.32980504308597514,0.6803733029200563,BUY_AGGRESSION,-1191699.6350000005,86.24,86.35,86.46,0.005563927205285777,0.005563927205285613,0.0022023878520922423,2026-07-02T15:43:17.643643+00:00
a5a9b65e-56cb-47a3-8a70-cdebcfbcee2c,WLDUSDT,LONG_BIAS,LONG,2026-07-02T15:28:29.882930+00:00,0.3887,416512.02569999953,0.15802539609551497,0.7160814867154331,BUY_AGGRESSION,-37902.04029999298,0.3876,0.388,0.3848,0.0015436068947774363,0.012091587342423417,-0.01003344481605355,2026-07-02T15:43:30.152918+00:00
fb914860-7749-4594-b979-58d381990a39,BCHUSDT,LONG_BIAS,LONG,2026-07-02T15:33:14.617104+00:00,218.62,202862.6998400001,0.4079607520506152,0.7255393335278102,BUY_AGGRESSION,619330.5347300003,218.64,218.76,217.54,0.005306010429054966,0.005534717775134973,-0.004940078675327109,2026-07-02T15:48:15.713801+00:00
0efdc048-fc66-4327-be25-fb97ee9afcdf,ADAUSDT,LONG_BIAS,LONG,2026-07-02T15:34:28.552701+00:00,0.1608,163546.37380000023,0.22446850852774142,0.6176036590550454,BUY_AGGRESSION,-1201918.186699998,0.1609,0.1609,0.1606,0.0024875621890547974,0.0024875621890547974,-0.0012437810945273987,2026-07-02T15:49:29.633125+00:00
f5840256-7eb7-4cd6-9113-c71bce1f800a,NEARUSDT,LONG_BIAS,LONG,2026-07-02T15:35:39.224720+00:00,1.906,116413.80700000002,0.15213053014523203,0.6846342744924091,BUY_AGGRESSION,-885417.3489999902,1.903,1.906,1.908,0.00367261280167897,0.0031479538300104963,0.001049317943336832,2026-07-02T15:50:39.534240+00:00
c0d02c0c-5c20-4445-89b7-f2a438a1c748,TRXUSDT,LONG_BIAS,LONG,2026-07-02T15:36:31.892720+00:00,0.31832,135942.3806099999,0.38033912343637627,0.8373775274405004,BUY_AGGRESSION,746105.9170299992,0.31824,0.31826,0.3181,0.0002199044986177887,0.0007225433526011812,-0.0006911284242271864,2026-07-02T15:51:32.799675+00:00
a0f18ac1-1826-43b2-a89b-0a3cc80b486c,AAVEUSDT,LONG_BIAS,LONG,2026-07-02T15:37:13.698083+00:00,86.46,218408.37299999973,0.207524195030673,0.7040379869638812,BUY_AGGRESSION,-1072209.3469999996,86.56,86.54,85.97,0.002313208420078682,0.005667360629192632,-0.005667360629192632,2026-07-02T15:52:14.346370+00:00
6ffa78e4-3ef5-47dc-8ab3-d4c368070726,WLDUSDT,SHORT_BIAS,SHORT,2026-07-02T15:45:37.672651+00:00,0.3847,-356334.3755,-0.2819847775508057,0.34886432635994324,SELL_AGGRESSION,-417277.05859999324,0.3834,0.3835,0.383,0.00727839875227442,0.0005198856251625513,0.004419027813880892,2026-07-02T16:00:37.735569+00:00
ded2f1a4-18a7-465d-a10c-bcb57e4262c4,NEARUSDT,LONG_BIAS,LONG,2026-07-02T15:47:04.968470+00:00,1.911,225810.58599999984,0.23533158917027017,0.7490690141853926,BUY_AGGRESSION,-693662.6889999914,1.909,1.911,1.907,0.003139717425431714,0.003139717425431714,-0.0020931449502878093,2026-07-02T16:02:05.227576+00:00
9ce498aa-3cd0-43fd-a1c6-902aaf61ec12,UNIUSDT,SHORT_BIAS,SHORT,2026-07-02T15:49:25.847094+00:00,3.157,-236601.15900000016,-0.3253865323276787,0.24830549311762168,SELL_AGGRESSION,1063850.8990000084,3.151,3.157,3.152,0.005384859043395598,0.005384859043395598,0.0015837820715869158,2026-07-02T16:04:26.705125+00:00
53ff85ac-140b-4a12-8722-afbb7ed0a7f9,AAVEUSDT,SHORT_BIAS,SHORT,2026-07-02T15:49:47.142292+00:00,86.09,-102720.20900000003,-0.3179851235547252,0.3423099491427593,SELL_AGGRESSION,-1120366.0719999992,85.99,85.98,86.23,0.003949355325821854,0.001742362643744819,-0.0016262051341619302,2026-07-02T16:04:48.003902+00:00
d830835e-2058-4e43-94dd-606f4f8e83b0,WLDUSDT,SHORT_BIAS,SHORT,2026-07-02T15:52:36.536924+00:00,0.3821,-215345.28699999992,-0.15788664049708742,0.2912665822958486,SELL_AGGRESSION,-794199.6475999927,0.3824,0.3829,0.3867,0.0013085579691180331,0.014394137660298364,-0.012038733315885876,2026-07-02T16:07:36.804950+00:00
0a1d79f6-fb1d-4444-b535-05670c9f4eeb,BNBUSDT,LONG_BIAS,LONG,2026-07-02T15:57:50.578629+00:00,562.84,181179.8245,0.8541498269437684,0.6925441497898372,BUY_AGGRESSION,-753890.6068000302,563.03,562.25,564.15,0.003109231753251368,0.0014213630872007465,0.002327482055290927,2026-07-02T16:12:50.723234+00:00
2a4906ae-574b-48cc-80b2-16776ccce90e,DOGEUSDT,LONG_BIAS,LONG,2026-07-02T16:01:01.123027+00:00,0.07453,234655.5580500001,0.15625457321709837,0.6696392740888909,TRADE_BURST,-3960477.4744400363,0.07443,0.0746,0.07442,0.003220179793371852,0.0026834831611432406,-0.0014759157386287265,2026-07-02T16:16:02.191317+00:00
16b12264-dd4b-472a-bfda-87dc5d6c2204,UNIUSDT,LONG_BIAS,LONG,2026-07-02T16:01:04.781899+00:00,3.165,109031.06399999998,0.1866556994909155,0.6164366526096402,BUY_AGGRESSION,1264663.799000011,3.161,3.183,3.184,0.011058451816745701,0.005055292259083733,0.006003159557661968,2026-07-02T16:16:05.797029+00:00
cdf08202-15eb-491e-bcc6-5598b12f4cc2,BNBUSDT,LONG_BIAS,LONG,2026-07-02T16:08:00.377102+00:00,563.52,199791.30270000064,0.34176681756528254,0.6091701433094369,BUY_AGGRESSION,-627132.7936000278,563.69,564.15,562.07,0.0018987791027825988,0.0033716638273707717,-0.002573111868256551,2026-07-02T16:23:00.600786+00:00
767d29f0-ba87-4452-93d6-512fcc77c194,DOGEUSDT,LONG_BIAS,LONG,2026-07-02T16:08:19.663412+00:00,0.07465,175702.8669700005,0.15704766487604466,0.5808145173568854,BUY_AGGRESSION,-3841364.897520035,0.07461,0.07471,0.07438,0.0016075016744810315,0.004286671131949108,-0.003616878767581949,2026-07-02T16:23:20.074482+00:00
4043436f-34cc-46ca-a049-cd425179a00d,BNBUSDT,LONG_BIAS,LONG,2026-07-02T16:13:08.752954+00:00,564.1,168674.2512,0.855651820717995,0.5834616442003776,BUY_AGGRESSION,-437736.6893000284,564.19,562.34,560.35,0.0002481829462860953,0.0070377592625421505,-0.006647757489806771,2026-07-02T16:28:09.715868+00:00
ab9a8dc2-2528-4624-8b2c-eb36822b207d,TRXUSDT,SHORT_BIAS,SHORT,2026-07-02T16:13:18.482262+00:00,0.31824,-206918.76635999992,-0.5933147973679862,0.2271693131481503,SELL_AGGRESSION,643820.9172600006,0.31824,0.31798,0.31774,0.0020110608345903385,3.142282554032959e-05,0.0015711412770236313,2026-07-02T16:28:18.728205+00:00
c0efa0d7-1d4c-458c-8f2e-864027b9e7fd,DOGEUSDT,LONG_BIAS,LONG,2026-07-02T16:13:53.264333+00:00,0.07471,290878.96191000054,0.21442886777018985,0.6655327373885958,BUY_AGGRESSION,-3751466.739250042,0.07461,0.07442,0.07413,0.0008031053406505755,0.008298755186721933,-0.007763351626288277,2026-07-02T16:28:53.943443+00:00
00ea5ea5-f359-44cc-9009-25e98035053a,WLDUSDT,SHORT_BIAS,SHORT,2026-07-02T16:17:44.164255+00:00,0.3871,-175591.49179999996,-0.20013701542025375,0.40287934635215317,SELL_AGGRESSION,-795947.2691999926,0.3882,0.3925,0.3909,0.0005166623611469335,0.021441487987600035,-0.009816584861792885,2026-07-02T16:32:44.619663+00:00
142d3fe6-0484-4f90-bbcd-0aae91868db5,AAVEUSDT,SHORT_BIAS,SHORT,2026-07-02T16:17:56.267362+00:00,86.92,-106380.93000000008,-0.318149732380821,0.41181182167465685,SELL_AGGRESSION,-1121361.8859999985,86.9,87.07,87.0,0.0047169811320754325,0.004026691210308264,-0.0009203865623561699,2026-07-02T16:32:57.354994+00:00
16d1d705-4613-41a0-88cf-cc47bd48e9f2,LTCUSDT,LONG_BIAS,LONG,2026-07-02T16:19:10.769884+00:00,43.43,139825.06793999992,0.25960798299164567,0.7773220460341076,BUY_AGGRESSION,940315.8921799989,43.42,43.37,43.26,0.0004605111673958813,0.0059866451761454754,-0.003914344922864419,2026-07-02T16:34:11.946771+00:00
ad867532-821f-43d3-95e8-0d85f3005779,SUIUSDT,SHORT_BIAS,SHORT,2026-07-02T16:19:51.648782+00:00,0.74,-118206.35619999998,-0.19886996716178254,0.3103961325022552,SELL_AGGRESSION,-1020354.0493400071,0.7395,0.7393,0.736,0.006351351351351402,0.000540540540540481,0.00540540540540541,2026-07-02T16:34:52.433887+00:00
71ae4def-0aac-43b2-b8e0-a51c700fe615,LINKUSDT,SHORT_BIAS,SHORT,2026-07-02T16:22:01.207680+00:00,7.768,-147208.4312299999,-0.4057805690251556,0.3660073595516701,SELL_AGGRESSION,-1251241.4281900027,7.771,7.767,7.748,0.00617919670442843,0.0009011328527292176,0.0025746652935117885,2026-07-02T16:37:01.947205+00:00
364b8979-d8ad-4d3d-9475-5161d5bb10db,BCHUSDT,LONG_BIAS,LONG,2026-07-02T16:22:19.281199+00:00,216.74,245061.45870000005,0.3654972918742259,0.7213421041900059,BUY_AGGRESSION,1410984.7368900015,216.92,218.0,219.87,0.016240657008397073,0.0,0.014441266033034951,2026-07-02T16:37:19.594805+00:00
89e68753-4cfc-42fb-a4ca-f70e506e54a9,DOGEUSDT,LONG_BIAS,LONG,2026-07-02T16:24:18.849795+00:00,0.07443,230958.25935000065,0.2244352504147798,0.6029276368849211,BUY_AGGRESSION,-3678238.611840048,0.07444,0.0741,0.07419,0.000806126561870274,0.004971113798199588,-0.0032245062474807232,2026-07-02T16:39:19.706552+00:00
6bb2c2c3-5498-4d0c-9c61-71273f434991,WLDUSDT,LONG_BIAS,LONG,2026-07-02T16:24:21.309087+00:00,0.394,437916.01380000025,0.2132872601807007,0.6682731326125901,BUY_AGGRESSION,-368812.3106999916,0.3948,0.3896,0.3877,0.003553299492385677,0.01598984771573611,-0.01598984771573611,2026-07-02T16:39:22.288772+00:00
c4eae1fa-4dea-4909-9881-470a50baa01a,AAVEUSDT,LONG_BIAS,LONG,2026-07-02T16:26:08.033956+00:00,87.03,148614.78300000026,0.2117670054072352,0.6711725086443945,BUY_AGGRESSION,-972276.7709999986,86.88,86.73,87.09,0.0014937377915660744,0.005974951166264461,0.0006894174422613154,2026-07-02T16:41:09.159287+00:00
01ae317c-5c10-44d7-b370-efdc790d0da5,ZECUSDT,LONG_BIAS,LONG,2026-07-02T16:26:52.505867+00:00,437.16,268706.53361000033,0.861330480141718,0.69216145045851,BULLISH_DIVERGENCE,-2956690.58171009,436.57,435.91,435.95,0.0006633726781955431,0.009287217494738773,-0.0027678653124714892,2026-07-02T16:41:53.001821+00:00
f557bbfc-fdf9-4888-aba3-e038089456de,AVAXUSDT,SHORT_BIAS,SHORT,2026-07-02T16:27:21.910855+00:00,6.743,-114433.59399999998,-0.2015755512574519,0.2989162356015771,SELL_AGGRESSION,-1375239.0229999947,6.738,6.745,6.753,0.001631321370309969,0.002224529141331704,-0.0014830194275544692,2026-07-02T16:42:22.375749+00:00
4ded1436-dee0-4000-b9b0-1a37de246ea3,BCHUSDT,LONG_BIAS,LONG,2026-07-02T16:29:26.937786+00:00,217.9,220041.193069999,0.22120477514864467,0.637086129306547,BUY_AGGRESSION,1623652.249289999,217.98,218.26,218.82,0.010830656264341373,0.0012391005048187711,0.004222120238641521,2026-07-02T16:44:27.860394+00:00
b6e3b105-2a70-4fa5-a20f-74e4459e8a54,SUIUSDT,SHORT_BIAS,SHORT,2026-07-02T16:30:49.767574+00:00,0.7362,-398785.3090900003,-0.1730765672205724,0.31098933597258777,SELL_AGGRESSION,-1653621.3455400115,0.7379,0.7354,0.7372,0.0038033143167616325,0.0025808204292312046,-0.0013583265417006262,2026-07-02T16:45:50.625050+00:00
03cd9ab3-dd1e-43b3-8fe9-d8ea6fd1ba3b,BNBUSDT,LONG_BIAS,LONG,2026-07-02T16:39:29.731718+00:00,560.69,176599.52009999953,0.8882442658604232,0.6877465626307498,BULLISH_DIVERGENCE,-1472656.3564000318,561.25,561.42,562.66,0.004494462180527532,0.0,0.003513527974459886,2026-07-02T16:54:29.908444+00:00
6566a55f-fbca-4263-b4f3-bf77fc63e1a3,DOGEUSDT,LONG_BIAS,LONG,2026-07-02T16:40:57.580394+00:00,0.07433,461525.7023200008,0.20306496174577332,0.7559035673754747,BUY_AGGRESSION,-3354507.337760035,0.07432,0.07438,0.07441,0.003901520247544901,0.0008072110856987841,0.00107628144759869,2026-07-02T16:55:58.457962+00:00
c4912eeb-a311-4187-a879-6daba458d2e3,AVAXUSDT,LONG_BIAS,LONG,2026-07-02T16:41:42.667646+00:00,6.752,110361.983,0.21729896374584137,0.7524694054145333,BUY_AGGRESSION,-1337393.5359999968,6.752,6.753,6.769,0.0038507109004739045,0.0002962085308056546,0.002517772511848393,2026-07-02T16:56:42.953862+00:00
eb8c7202-772b-4c00-a6f4-b2037bac8b94,SUIUSDT,LONG_BIAS,LONG,2026-07-02T16:46:14.196311+00:00,0.7376,142436.84125000003,0.21109003738411025,0.6919062729121596,BUY_AGGRESSION,-2384304.6468300084,0.7379,0.7388,0.7372,0.0033893709327548083,0.0014913232104121338,-0.0005422993492408717,2026-07-02T17:01:15.000528+00:00
918a491a-17de-4cd8-971e-bf077515203f,ADAUSDT,LONG_BIAS,LONG,2026-07-02T16:46:21.644475+00:00,0.16,179597.7958000001,0.15016670774429502,0.6978225794015244,BUY_AGGRESSION,-1364789.8898000063,0.1601,0.16,0.1597,0.0031250000000000028,0.0025000000000000716,-0.001874999999999967,2026-07-02T17:01:22.380579+00:00
0fb86101-ca07-4ae2-9525-e0f452fc09b3,DOGEUSDT,LONG_BIAS,LONG,2026-07-02T16:46:58.621042+00:00,0.07443,217174.0312999991,0.16183639643981854,0.6101964048303025,BUY_AGGRESSION,-3105468.0743200276,0.07446,0.07456,0.07413,0.002552734112589139,0.0044336960902861345,-0.004030632809350997,2026-07-02T17:01:59.256002+00:00
f7683878-4c28-4c70-8f99-d398c8fef098,ZECUSDT,LONG_BIAS,LONG,2026-07-02T16:47:27.898313+00:00,437.05,385963.6186999992,0.6440351976499192,0.7143059637693796,BUY_AGGRESSION,-3984029.273770051,437.1,438.58,439.27,0.005880334057888098,0.000617778286237361,0.005079510353506396,2026-07-02T17:02:29.039455+00:00
23de6731-6aa5-4638-95a0-df8987e44c9d,BNBUSDT,LONG_BIAS,LONG,2026-07-02T16:47:58.573110+00:00,561.87,146344.39330000008,0.9237272403080854,0.6377315149568865,BUY_AGGRESSION,-1314983.1596000323,562.17,563.11,562.35,0.0023848933027213266,0.00016017940092909717,0.0008542901382882485,2026-07-02T17:02:58.785397+00:00
756c2d6a-762b-4094-ac49-4a30999b5b94,LINKUSDT,LONG_BIAS,LONG,2026-07-02T16:48:13.325822+00:00,7.781,104018.17535,0.2545635503035161,0.6724254434399448,BUY_AGGRESSION,-1245524.5372700011,7.794,7.789,7.765,0.0029559182624342086,0.002698881891787676,-0.002056290965171574,2026-07-02T17:03:13.609962+00:00
daa69358-5446-4564-b222-06e7137a5d36,UNIUSDT,SHORT_BIAS,SHORT,2026-07-02T16:48:19.863943+00:00,3.222,-139741.13799999998,-0.16664323869096595,0.3762839481775085,SELL_AGGRESSION,2661126.5610000202,3.237,3.246,3.267,0.0,0.015828677839851073,-0.013966480446927353,2026-07-02T17:03:20.902324+00:00
1c15f165-d221-4507-8be7-9b4bd216c880,NEARUSDT,LONG_BIAS,LONG,2026-07-02T16:48:22.500012+00:00,1.928,232892.16500000007,0.1583258821278478,0.6603116614481022,BUY_AGGRESSION,-469632.8969999861,1.931,1.925,1.922,0.0020746887966804997,0.004149377593360999,-0.0031120331950207497,2026-07-02T17:03:23.327141+00:00
7306cdb0-d195-419a-9e2c-b6b5989a9b05,SUIUSDT,LONG_BIAS,LONG,2026-07-02T16:51:29.183938+00:00,0.7392,203079.65172000014,0.15005567657912894,0.7179383245810511,BUY_AGGRESSION,-2174048.090070009,0.74,0.738,0.7383,0.0012175324675324838,0.003923160173160192,-0.0012175324675324838,2026-07-02T17:06:29.400836+00:00
44da40ec-ea70-40e0-beac-8255380cd006,WLDUSDT,SHORT_BIAS,SHORT,2026-07-02T16:55:13.479793+00:00,0.3877,-107918.4871999998,-0.17320711392395685,0.34660784318305116,TRADE_BURST,-1017005.8812999888,0.3865,0.3866,0.3898,0.005416559195254039,0.005416559195254039,-0.005416559195254039,2026-07-02T17:10:14.144452+00:00
ecb1b3c2-fd61-4951-8e62-044eb7f1a4a8,XRPUSDT,SHORT_BIAS,SHORT,2026-07-02T16:56:50.253444+00:00,1.0909,-288552.2982899998,-0.22154131910854355,0.28725077740315336,SELL_AGGRESSION,-5859200.651919991,1.0912,1.0903,1.0899,0.0015583463195526948,0.0011916765973050498,0.0009166743056191125,2026-07-02T17:11:50.680382+00:00
afbf9cb0-e7ec-4c7a-aeb2-74afe6cfee9c,WLDUSDT,LONG_BIAS,LONG,2026-07-02T17:08:49.852693+00:00,0.389,147121.91139999998,0.2639982997727802,0.6180601666190502,BUY_AGGRESSION,-938543.6936999833,0.3892,0.3897,0.3913,0.007969151670951136,0.001028277634961469,0.005912596401028197,2026-07-02T17:23:50.510116+00:00
f42fa6ab-4291-45bf-be0b-f9fcadb6ba60,BNBUSDT,SHORT_BIAS,SHORT,2026-07-02T17:11:04.113808+00:00,561.99,-124216.46010000005,-0.28751390458992576,0.3581612832414046,SELL_AGGRESSION,-914075.6145000337,562.02,562.69,563.07,0.00028470257477885403,0.0033986369864231892,-0.0019217423797577198,2026-07-02T17:26:05.038303+00:00
69c58c5a-8306-43aa-9b00-1f902c01390b,BTCUSDT,SHORT_BIAS,SHORT,2026-07-02T17:48:07.815703+00:00,61615.7,-3002033.851699999,-0.5363407860572375,0.011885291142873773,SELL_AGGRESSION,-3002033.851700002,61642.0,61655.8,61698.5,1.6229629785678781e-06,0.0016602911270991471,-0.0013438133462738055,2026-07-02T18:03:08.401130+00:00
10e61c3b-9129-4133-98c8-27e776e4c831,ETHUSDT,SHORT_BIAS,SHORT,2026-07-02T17:48:07.819479+00:00,1693.84,-1548658.7988600007,-0.29558167378168254,0.0201135524557854,SELL_AGGRESSION,-1548658.798860001,1694.94,1695.26,1697.02,0.00010626741604864468,0.0023437868984083664,-0.0018773910168611344,2026-07-02T18:03:08.401130+00:00
a59d60f3-712f-40a5-9853-51fe9caf1158,SOLUSDT,SHORT_BIAS,SHORT,2026-07-02T17:48:07.822945+00:00,80.68,-127083.5214,-0.4506326322888974,0.1337726830067365,SELL_AGGRESSION,-127083.52140000001,80.68,80.67,80.7,0.0017352503718393723,0.0016113039167079256,-0.00024789291026271714,2026-07-02T18:03:08.401130+00:00
fbffc163-9a7c-45ba-a408-06fb51d4611e,XRPUSDT,SHORT_BIAS,SHORT,2026-07-02T17:48:09.852060+00:00,1.088,-100272.18386,-0.29669983799652466,0.0013937725076712238,SELL_AGGRESSION,-100272.18386,1.0881,1.0881,1.0887,0.00045955882352956523,0.0014705882352939556,-0.0006433823529411056,2026-07-02T18:03:10.626630+00:00
d088b630-9da5-42c9-860c-d8c25af1524b,WLDUSDT,SHORT_BIAS,SHORT,2026-07-02T17:51:21.373911+00:00,0.3892,-181674.5548000002,-0.1861040894716436,0.2586007248026912,SELL_AGGRESSION,-181674.5547999999,0.39,0.3912,0.393,0.001284686536485099,0.011562178828365889,-0.009763617677286809,2026-07-02T18:06:21.465320+00:00
f282018e-3953-4b6e-837d-a4ca04ee2220,BTCUSDT,SHORT_BIAS,SHORT,2026-07-02T17:52:59.168895+00:00,61657.8,-112466.54999999993,-0.41291219835178966,0.1844266068185353,TRADE_BURST,-112466.54999999994,61660.8,61659.3,61755.9,0.0004930438646854324,0.002075974167096458,-0.0015910395765012463,2026-07-02T18:07:59.434675+00:00
d6ac8458-58fd-4cf7-9fc4-5c09d2a44ca8,ETHUSDT,SHORT_BIAS,SHORT,2026-07-02T17:53:01.178194+00:00,1695.07,-108645.70546,-0.19478215235098606,0.19559633375474772,TRADE_BURST,-108645.70545999997,1695.5,1696.13,1699.61,0.000424761219300694,0.0035514757502639904,-0.0026783554661459195,2026-07-02T18:08:01.621861+00:00
096362b0-5628-4ee1-a154-f48202c896c9,ZECUSDT,LONG_BIAS,LONG,2026-07-02T17:54:59.765036+00:00,441.72,145079.26663999993,0.2868763277542601,0.9263638042103541,BUY_AGGRESSION,145079.26664,441.31,440.49,441.53,0.0032599837000814942,0.0038259530924568833,-0.0004301367382053214,2026-07-02T18:10:00.421517+00:00
2c53a330-7b7e-4b20-a8b3-3392524e8809,ZECUSDT,LONG_BIAS,LONG,2026-07-02T18:42:02.238452+00:00,441.38,113725.1725500001,0.54153275792929,0.8095192786705234,TRADE_BURST,113725.17255,441.19,441.73,441.35,0.004961710997326562,0.0008156237255879596,-6.796864379893225e-05,2026-07-02T18:57:02.897834+00:00
418e3479-9855-4d52-8dde-a9a9d58b7f29,SOLUSDT,LONG_BIAS,LONG,2026-07-02T18:42:50.837018+00:00,80.97,122471.35440000004,0.15779131420282336,0.6393531277455546,TRADE_BURST,122471.35439999997,81.04,81.05,81.0,0.0030875632950475487,0.0009880202544151945,0.00037050759540571985,2026-07-02T18:57:51.448149+00:00
f8c5ac7e-31ca-43ae-8255-9a8be5ffc4a0,HBARUSDT,SHORT_BIAS,SHORT,2026-07-02T18:46:38.250397+00:00,0.07292,-114271.52621999996,-0.22118108057248553,0.1748209721533971,SELL_AGGRESSION,-114271.52622000001,0.07306,0.0729,0.0731,0.002194185408666943,0.0030170049369171417,-0.002468458584750406,2026-07-02T19:01:38.338781+00:00
30439e03-6d27-4cb2-baf7-7382a142652b,SUIUSDT,LONG_BIAS,LONG,2026-07-02T18:46:49.667245+00:00,0.7384,107367.55041,0.19069877434851082,0.7689439153155737,BUY_AGGRESSION,107680.49399000003,0.739,0.7389,0.7389,0.0020314192849404888,0.0004062838569880376,0.0006771397616468797,2026-07-02T19:01:49.963900+00:00
5090ac23-2e72-48f9-8723-c9b588b1c850,BTCUSDT,SHORT_BIAS,SHORT,2026-07-02T19:04:27.013294+00:00,61697.7,-213503.24099999992,-0.7711815556496295,0.18815581115421395,TRADE_BURST,-213503.24099999998,61645.4,61622.1,61514.4,0.003082772939671934,0.0,0.002970937328295798,2026-07-02T19:19:28.049093+00:00
cd2bbc04-d3b4-40a6-9ab8-7e505750da95,ZECUSDT,SHORT_BIAS,SHORT,2026-07-02T19:04:31.073635+00:00,440.14,-102384.55180000002,-0.8171525956952145,0.047492484601097645,SELL_AGGRESSION,-102384.55179999996,439.56,438.96,438.45,0.00445312855000677,2.2720043622463093e-05,0.0038396873721997494,2026-07-02T19:19:31.204931+00:00
e5102c81-fbf7-41d5-b27f-b7dd297f1dcf,ETHUSDT,SHORT_BIAS,SHORT,2026-07-02T19:04:35.109624+00:00,1700.23,-803811.1682900006,-0.2668585960045612,0.2297781606602356,SELL_AGGRESSION,-803811.1682899997,1699.39,1700.0,1697.35,0.002093834363586071,0.001423336842662506,0.0016938884739124173,2026-07-02T19:19:35.519584+00:00
af7c5a5a-bf40-4713-b048-d2461db67899,SOLUSDT,LONG_BIAS,LONG,2026-07-02T19:04:40.166305+00:00,81.01,173646.5253000001,0.1842517572261405,0.6297970545615443,LARGE_TRADE,173646.5253,80.96,80.94,80.92,0.0008640908529810292,0.0022219479076658042,-0.0011109739538329021,2026-07-02T19:19:40.788061+00:00
74fa72ce-0b2f-46af-bf99-a9d9fd1468fb,LINKUSDT,SHORT_BIAS,SHORT,2026-07-02T19:18:34.131773+00:00,7.729,-197109.16867000004,-0.22404459009087227,0.19097359903256553,SELL_AGGRESSION,-311473.96806000004,7.731,7.723,7.733,0.0011644455945142116,0.0011644455945142116,-0.000517531375339573,2026-07-02T19:33:34.724535+00:00
10f07952-3dff-43e0-b561-24b770bee788,BNBUSDT,SHORT_BIAS,SHORT,2026-07-02T19:19:06.852255+00:00,559.32,-480577.1825999997,-0.5325889116206751,0.1657569992573622,SELL_AGGRESSION,-504060.0708000003,559.38,558.7,558.96,0.0015912179074592362,0.00023242508760637102,0.0006436387041407666,2026-07-02T19:34:07.069685+00:00
7fccc816-abff-402d-b817-70ef6c0c834d,TRXUSDT,SHORT_BIAS,SHORT,2026-07-02T19:21:25.716153+00:00,0.31719,-105334.89042000004,-0.9291600509859772,0.1288268242303612,SELL_AGGRESSION,-99639.0031800001,0.31715,0.31712,0.31716,0.0003783221413033481,6.3053690217108e-05,9.458053532592453e-05,2026-07-02T19:36:26.678303+00:00
f91cfca2-0c47-4777-b531-f44731fdf23a,HBARUSDT,SHORT_BIAS,SHORT,2026-07-02T19:21:52.589741+00:00,0.07271,-148593.32805999994,-0.1653533639256508,0.16368709063912656,TRADE_BURST,-214193.64048999996,0.07274,0.07255,0.07249,0.0033007839361847095,0.0005501306560307849,0.0030257186081694126,2026-07-02T19:36:52.710343+00:00
41e92f03-2c6c-4fec-aeb8-847988e3ffaf,UNIUSDT,SHORT_BIAS,SHORT,2026-07-02T19:24:51.069450+00:00,3.205,-100123.56599999969,-0.22588982871990265,0.3534386280245662,SELL_AGGRESSION,-240461.70600000035,3.208,3.215,3.195,0.004992199687987524,0.004680187207488338,0.003120124804992272,2026-07-02T19:39:51.164282+00:00
20e0c05c-ef2e-48ed-834b-87f815c9ecd3,NEARUSDT,SHORT_BIAS,SHORT,2026-07-02T19:26:10.103925+00:00,1.934,-148138.6369999999,-0.23617273470695577,0.1904335703929632,SELL_AGGRESSION,-258998.98200000002,1.936,1.944,1.943,0.00051706308169591,0.006721820062047633,-0.004653567735263764,2026-07-02T19:41:10.639300+00:00
59f16a39-2dfa-4de9-9300-0bd452b58ced,ZECUSDT,LONG_BIAS,LONG,2026-07-02T19:31:27.496594+00:00,436.23,189452.29780000017,0.7595615085066023,0.5807701319211097,BULLISH_DIVERGENCE,-2499023.7835399965,436.5,436.16,433.36,0.0015129633450243407,0.012585104188157644,-0.006579098182151627,2026-07-02T19:46:28.467058+00:00
4fbec356-58ca-4ffa-a619-824ba6a423db,HBARUSDT,SHORT_BIAS,SHORT,2026-07-02T19:33:32.630685+00:00,0.07254,-100424.38955,-0.2714624905365322,0.15134622418138668,SELL_AGGRESSION,-336183.0688899998,0.07251,0.07238,0.07239,0.0024813895781637665,0.0012406947890819789,0.0020678246484697733,2026-07-02T19:48:33.444291+00:00
c67fbacd-5f65-4d40-b405-ae7dbc215de8,AAVEUSDT,SHORT_BIAS,SHORT,2026-07-02T19:36:40.217615+00:00,87.04,-102386.084,-0.24100126890445103,0.22901194957175536,SELL_AGGRESSION,-10054.922999999959,86.97,87.08,87.26,0.0013786764705882874,0.004940257352941091,-0.0025275735294117514,2026-07-02T19:51:40.875749+00:00
18cda176-7cd8-4e71-8824-7ed3ac8ae275,UNIUSDT,SHORT_BIAS,SHORT,2026-07-02T19:39:14.534570+00:00,3.191,-354488.1679999996,-0.15953140353076403,0.33975234304314794,SELL_AGGRESSION,-667822.3039999978,3.194,3.189,3.192,0.003133813851457157,0.004700720777185874,-0.000313381385145827,2026-07-02T19:54:14.709856+00:00
fddf2f6c-b9d8-4066-bec4-e103174ccd7c,ETHUSDT,LONG_BIAS,LONG,2026-07-02T20:11:14.718334+00:00,1698.95,154743.15171000006,0.49396271357372507,0.8592158316903485,BUY_AGGRESSION,154743.15170999998,1698.67,1700.86,1697.53,0.0016775066953117566,0.0011065658200653987,-0.0008358103534536465,2026-07-02T20:26:14.980980+00:00
41ebafe0-b36b-4d24-aa80-41b709b25b41,WLDUSDT,LONG_BIAS,LONG,2026-07-02T20:11:44.924175+00:00,0.4025,155456.038,0.17158766460692973,0.7191928783827094,BUY_AGGRESSION,155456.03799999994,0.4025,0.4012,0.3972,0.0029813664596272764,0.014161490683229909,-0.013167701863354104,2026-07-02T20:26:45.123907+00:00
328aff1a-8efb-42d1-af48-2cd71c7a8bf7,BTCUSDT,SHORT_BIAS,SHORT,2026-07-02T20:29:01.545187+00:00,61380.7,-131049.50309999997,-0.39967342945305034,0.1756331056280652,TRADE_BURST,-131049.50309999999,61375.1,61371.1,61340.5,0.001179523856847416,0.0005555492198688809,0.0006549289923379351,2026-07-02T20:44:01.876686+00:00
0d2e683e-9759-4ddd-85a3-26a45ae2e9d5,LINKUSDT,SHORT_BIAS,SHORT,2026-07-02T20:29:01.552759+00:00,7.715,-112577.66032999998,-0.166039531207963,0.1682303846954644,SELL_AGGRESSION,-112577.66033000001,7.714,7.724,7.72,0.00025923525599478675,0.0018146467919637375,-0.0006480881399870245,2026-07-02T20:44:01.876686+00:00
bff58998-cd5d-47b5-80eb-7a5c1cf149e0,ZECUSDT,LONG_BIAS,LONG,2026-07-02T20:36:39.924148+00:00,432.16,203378.43048000013,0.5848540934969293,0.6411886425604915,BUY_AGGRESSION,97460.82690000017,432.7,433.61,433.66,0.005160125879303872,2.313957793420897e-05,0.003470936690114772,2026-07-02T20:51:40.565103+00:00
9217b324-e4e3-4d62-8230-7abc2e7a88df,ZECUSDT,LONG_BIAS,LONG,2026-07-02T20:41:48.797668+00:00,433.65,305934.3077200002,0.39663325411343175,0.669039042241949,BUY_AGGRESSION,397792.3101900002,433.65,433.77,432.5,0.00170644528998042,0.0031592297936123706,-0.0026519082209154323,2026-07-02T20:56:48.923380+00:00
60d9728c-7046-41dc-9c52-d452d70fabbb,BCHUSDT,SHORT_BIAS,SHORT,2026-07-02T20:55:07.279162+00:00,219.92,-341652.30177999975,-0.1548227748761706,0.17237738536150402,SELL_AGGRESSION,-343533.27884999994,219.86,219.77,219.38,0.002864678064750798,0.001955256456893447,0.002455438341214951,2026-07-02T21:10:08.035081+00:00
ad8836f6-b3fe-4fe1-af4b-32d8bf9ebfcb,ZECUSDT,SHORT_BIAS,SHORT,2026-07-02T20:56:22.790785+00:00,432.43,-241796.67191999988,-0.9104051815799313,0.2815294755112962,SELL_AGGRESSION,411891.4288500013,434.11,433.01,432.08,0.0019656360567028713,0.004486275235298193,0.0008093795527600368,2026-07-02T21:11:23.216502+00:00
c256ccee-ca13-40cc-8730-48021b1fd996,BNBUSDT,LONG_BIAS,LONG,2026-07-02T20:59:14.646067+00:00,558.71,169194.10439999995,0.4035388171385091,0.6064028069760838,BUY_AGGRESSION,-40685.226999999926,558.72,558.32,558.38,0.00010739023822724746,0.001342377977841814,-0.0005906463102504715,2026-07-02T21:14:14.753968+00:00
f1ec77b1-6fdd-4452-9e66-5139a630309c,AAVEUSDT,LONG_BIAS,LONG,2026-07-02T21:06:43.258980+00:00,87.13,171965.5980000007,0.29069028244918227,0.7637234527263195,BUY_AGGRESSION,325745.66500000074,87.05,87.39,87.23,0.004820383335246203,0.0025249626994146546,0.0011477103179158559,2026-07-02T21:21:43.311403+00:00
5088511a-477c-4a12-9be1-bf2120e83fc4,AAVEUSDT,LONG_BIAS,LONG,2026-07-02T21:14:53.812910+00:00,87.33,119359.2630000003,0.1603747474110904,0.654637048683332,BUY_AGGRESSION,431184.2649999999,87.31,87.24,87.23,0.0005725409366769399,0.002290163746707922,-0.0011450818733538797,2026-07-02T21:29:54.616858+00:00
f0a599c3-a8e3-4ae2-b4e8-c40060cfe471,ETHUSDT,SHORT_BIAS,SHORT,2026-07-02T21:39:58.516579+00:00,1699.34,-117910.39215999999,-0.7375216779884903,0.018166267010336565,SELL_AGGRESSION,-117910.39215999999,1699.51,1697.91,1697.61,0.0017889298198123765,0.0001824237645204449,0.0010180422987748291,2026-07-02T21:54:59.042947+00:00
dc8a4757-102b-4b32-a701-3776e297fbd8,ZECUSDT,SHORT_BIAS,SHORT,2026-07-02T21:41:08.134841+00:00,430.91,-209230.54131000006,-0.1519122781471078,0.18279826216747933,SELL_AGGRESSION,-209230.54130999994,430.57,431.7,432.26,0.005871295630178064,0.0049198208442597004,-0.0031329047829012227,2026-07-02T21:56:08.884397+00:00
66a8cece-8f1a-4dad-860a-c14cee3e286d,NEARUSDT,SHORT_BIAS,SHORT,2026-07-02T21:43:45.178833+00:00,1.922,-206378.1719999999,-0.259639925481361,0.24811419735913454,SELL_AGGRESSION,-206378.17200000002,1.922,1.922,1.925,0.0015608740894900582,0.003121748178980232,-0.0015608740894901736,2026-07-02T21:58:45.216976+00:00
3de8f8bb-2a09-406e-84b5-0a233d49406d,XRPUSDT,LONG_BIAS,LONG,2026-07-02T21:54:17.374850+00:00,1.0803,314217.26232999994,0.5460258045333483,0.7230308466496265,BULLISH_DIVERGENCE,-802523.7451400016,1.0803,1.0806,1.0794,0.0010182356752752742,0.0011108025548459593,-0.0008331019161345208,2026-07-02T22:09:17.985361+00:00
0362acae-ecf4-45f1-8471-9a7fde6502e2,SOLUSDT,SHORT_BIAS,SHORT,2026-07-02T22:09:50.379786+00:00,80.49,-330731.0826999992,-0.230672872517499,0.4160641446324383,SELL_AGGRESSION,-2340864.0997999995,80.51,80.45,80.6,0.0014908684308608566,0.0019878245744814364,-0.0013666293949558882,2026-07-02T22:24:50.721413+00:00
dc715d3d-30f2-4ffa-b9ae-a8d01ad3d336,LINKUSDT,SHORT_BIAS,SHORT,2026-07-02T22:13:49.903990+00:00,7.708,-177852.85151999997,-0.16020147465131898,0.18884743419168645,SELL_AGGRESSION,-498316.5136400005,7.707,7.707,7.704,0.0015568240788791457,0.0003892060197197864,0.0005189413596264203,2026-07-02T22:28:50.509258+00:00
da906fe5-1f40-4833-b77d-9f9794d7e370,BNBUSDT,LONG_BIAS,LONG,2026-07-02T22:19:26.168054+00:00,557.28,116787.35950000014,0.6969396920706715,0.6389971344074693,BUY_AGGRESSION,-132148.32910000233,556.8,557.04,557.26,0.0006101062302613262,0.0014893769738729674,-3.588860178004201e-05,2026-07-02T22:34:26.694781+00:00
0d29f992-d0a4-4794-a362-6c22dc401e37,XRPUSDT,LONG_BIAS,LONG,2026-07-02T22:26:34.965500+00:00,1.0793,157870.8112200001,0.15679639204071194,0.7023348955543973,BUY_AGGRESSION,29634.052669997986,1.0798,1.0792,1.0802,0.001482442323728385,0.00046326322616505603,0.0008338738070973066,2026-07-02T22:41:35.647338+00:00
29fc956b-4ff4-4bff-ac22-ca94651265ab,ZECUSDT,LONG_BIAS,LONG,2026-07-02T22:27:44.761842+00:00,431.81,186129.4706299999,0.34515676860264427,0.6457267373669987,TRADE_BURST,-904602.3685599992,432.33,432.47,430.88,0.0018758250156318804,0.0023853083532109714,-0.0021537250179477245,2026-07-02T22:42:45.370678+00:00
51509630-f322-4cf4-8df1-6c33fc71386b,XRPUSDT,LONG_BIAS,LONG,2026-07-02T22:51:02.971718+00:00,1.0801,174161.41937,0.19516683409748237,0.9013864716838234,BUY_AGGRESSION,429975.3115599981,1.0806,1.0838,1.0821,0.003795944819924074,0.00046292009999089617,0.001851680399962968,2026-07-02T23:06:03.064000+00:00
726a45bc-20a2-4531-bdeb-d124ac9e6707,ZECUSDT,LONG_BIAS,LONG,2026-07-02T22:52:02.277681+00:00,432.33,115234.80142999999,0.7181235316403713,0.6398772076037796,TRADE_BURST,-700596.3609799967,432.31,432.11,432.04,0.0019198297596744176,0.0031226146693497233,-0.0006707838919343178,2026-07-02T23:07:02.896224+00:00
261df827-4e02-43d4-9b1e-c2997ce774eb,SUIUSDT,LONG_BIAS,LONG,2026-07-02T22:53:06.182218+00:00,0.7326,291054.9161999996,0.21482090375343083,0.7922688245421392,BUY_AGGRESSION,-915949.3073199965,0.7325,0.733,0.7304,0.0015015015015014876,0.00327600327600337,-0.0030030030030029752,2026-07-02T23:08:06.692039+00:00
82032b43-6a6e-426f-8e95-322f5485ffe5,AVAXUSDT,LONG_BIAS,LONG,2026-07-02T22:53:48.275523+00:00,6.807,297452.0120000001,0.23616447880050484,0.8189560656705906,TRADE_BURST,460156.4889999998,6.811,6.811,6.797,0.0019097987365946673,0.0019097987365947976,-0.0014690759512267775,2026-07-02T23:08:49.202171+00:00
aa917f66-dd0f-492c-8bd4-086f3f80af53,ETHUSDT,SHORT_BIAS,SHORT,2026-07-02T23:02:48.179935+00:00,1692.61,-3867154.4165799967,-0.892834985609552,0.3136756340662352,LARGE_TRADE,1449970.904449996,1692.81,1691.69,1694.19,0.0007739526530033177,0.0012229633524557717,-0.0009334696120193988,2026-07-02T23:17:49.076354+00:00
a346e40b-c621-4107-afe6-55970a13b1a7,ZECUSDT,LONG_BIAS,LONG,2026-07-02T23:07:42.206815+00:00,431.79,217456.28749000005,0.9896516679040585,0.6939556385389518,BUY_AGGRESSION,-445024.6041599947,432.28,431.42,434.12,0.005951967391556064,0.0013200861529910214,0.0053961416429282386,2026-07-02T23:22:42.366782+00:00
39d8ddb9-189b-43a2-92b8-d3e772f07136,LINKUSDT,SHORT_BIAS,SHORT,2026-07-02T23:15:13.089052+00:00,7.698,-119178.11849,-0.39413497841213213,0.09879325073948864,SELL_AGGRESSION,-852313.6586700018,7.702,7.71,7.739,0.0,0.006235385814497277,-0.005326058716549686,2026-07-02T23:30:13.129827+00:00
68e3a918-711f-4ab7-aece-df0027323edc,DOGEUSDT,LONG_BIAS,LONG,2026-07-02T23:17:45.884951+00:00,0.07401,120205.54965999967,0.20763938370034787,0.652658861728406,BUY_AGGRESSION,198037.95019999772,0.07404,0.07409,0.07424,0.0031076881502498863,0.0004053506282935042,0.0031076881502498863,2026-07-02T23:32:46.316387+00:00
571112c0-9d39-4561-ae67-c30fa540ea74,BNBUSDT,LONG_BIAS,LONG,2026-07-02T23:24:47.604422+00:00,559.05,192365.09670000017,0.4188382597993918,0.7276697386655201,BUY_AGGRESSION,465126.4669999976,559.17,559.22,558.73,0.0016098738932118612,0.0006797245326893757,-0.0005723996064751567,2026-07-02T23:39:48.594225+00:00
aac3e081-5bf6-4ea4-a6ab-4ead3fc27387,DOGEUSDT,LONG_BIAS,LONG,2026-07-02T23:25:00.347810+00:00,0.07413,101005.68082999985,0.2290622045397343,0.5942592566392723,BUY_AGGRESSION,304032.3225899979,0.07417,0.07417,0.07417,0.003237555645487712,0.00013489815189526673,0.0005395926075812542,2026-07-02T23:40:01.309968+00:00
c69f14d8-caad-40fd-81ab-ec139711ba51,WLDUSDT,LONG_BIAS,LONG,2026-07-02T23:30:10.983394+00:00,0.4028,251800.93940000018,0.2248765876333872,0.6967644251469092,BUY_AGGRESSION,255555.18810000058,0.4025,0.4009,0.4018,0.0017378351539226265,0.010178748758689158,-0.002482621648460777,2026-07-02T23:45:11.470759+00:00
59ca68ed-d7fb-4fe1-8369-d288f96f5227,WLDUSDT,LONG_BIAS,LONG,2026-07-02T23:42:42.252196+00:00,0.4005,120200.02339999993,0.2346788895108654,0.6929127530770075,BUY_AGGRESSION,18063.73570000085,0.4012,0.401,0.4031,0.007490636704119856,0.0012484394506866428,0.006491885143570514,2026-07-02T23:57:42.328290+00:00
4d1692bd-3ebb-4f29-ab3d-2fa49e8523d6,BNBUSDT,LONG_BIAS,LONG,2026-07-02T23:45:00.800686+00:00,559.1,107001.96660000033,0.31547993230931487,0.6161342536911888,TRADE_BURST,677445.9782999961,559.23,559.21,559.14,0.0005902343051331198,0.0005008048649614965,7.154355213729854e-05,2026-07-03T00:00:01.411571+00:00
1b53e085-1aba-4389-bbff-51a491307eb5,DOGEUSDT,LONG_BIAS,LONG,2026-07-02T23:45:45.505164+00:00,0.07418,210324.18208000014,0.15287105563436176,0.7613169291672756,BUY_AGGRESSION,1026973.9627499974,0.07418,0.07415,0.0742,0.0006740361283365917,0.0016176867080074833,0.0002696144513346741,2026-07-03T00:00:46.428553+00:00
30f30f7b-e0f1-4dcd-838f-52790b60b035,NEARUSDT,LONG_BIAS,LONG,2026-07-02T23:46:52.779531+00:00,1.946,246488.0130000002,0.1546133076873727,0.7582339489198803,BUY_AGGRESSION,385433.32499999885,1.946,1.94,1.941,0.001027749229188079,0.004624871531346299,-0.0025693730729701406,2026-07-03T00:01:53.836346+00:00
024c5a51-41a5-44d9-b57a-e07787addb3f,LINKUSDT,LONG_BIAS,LONG,2026-07-02T23:47:04.545801+00:00,7.751,160576.35754999996,0.3922585926969624,0.8071576706301373,BUY_AGGRESSION,-467538.7379600025,7.748,7.748,7.738,0.00038704683266665274,0.0020642497742226827,-0.0016772029415559153,2026-07-03T00:02:05.608665+00:00
58f379c5-d26c-4009-9c6d-8cdc84fcdd5e,ZECUSDT,LONG_BIAS,LONG,2026-07-02T23:47:09.956606+00:00,434.3,148414.18402999997,0.36915830376429404,0.624113045981172,BUY_AGGRESSION,1206603.252320004,434.18,434.34,433.64,0.0009440478931613358,0.001726916877734285,-0.0015196868524062284,2026-07-03T00:02:10.980010+00:00
587cbf19-5b6b-4f62-95c3-2929bc937c2b,XRPUSDT,LONG_BIAS,LONG,2026-07-02T23:47:14.224595+00:00,1.0875,202162.60284999982,0.1580226128833308,0.666638820455045,BUY_AGGRESSION,2327774.360719987,1.0874,1.0869,1.0875,0.0004597701149426823,0.00147126436781593,0.0,2026-07-03T00:02:14.249092+00:00
a3be693d-2e84-4639-97d4-fb6ae46b5b8d,ZECUSDT,LONG_BIAS,LONG,2026-07-02T23:56:25.750689+00:00,434.59,346835.95249000017,0.8615846963642491,0.7563621603572591,BUY_AGGRESSION,1652571.1093500075,434.28,433.95,433.26,0.0002761223221887401,0.00434892657447246,-0.0030603557375917167,2026-07-03T00:11:26.211714+00:00
af298ac9-eb25-4b18-b1b7-f13cb31c1f73,DOGEUSDT,LONG_BIAS,LONG,2026-07-03T00:08:31.178599+00:00,0.07417,128130.34674000024,0.16101948082348488,0.6449989225234257,BUY_AGGRESSION,120344.87539999989,0.07415,0.0742,0.07413,0.0017527302143724567,0.0013482540110557216,-0.0005393016044222511,2026-07-03T00:23:31.258490+00:00
7d57ce01-588e-48a5-94de-6a1cb4dfc692,AAVEUSDT,SHORT_BIAS,SHORT,2026-07-03T00:09:31.965602+00:00,85.98,-136026.67300000007,-0.5033885171310105,0.2552333066552765,SELL_AGGRESSION,-38591.36300000007,85.96,86.01,85.65,0.003954408001860937,0.000930448941614309,0.0038381018841590867,2026-07-03T00:24:32.540307+00:00
e085eb02-7c0d-40ed-910d-0db98a8ab924,BNBUSDT,LONG_BIAS,LONG,2026-07-03T00:13:48.638851+00:00,559.13,105439.42619999999,0.1914397989145453,0.6288616480498288,BUY_AGGRESSION,-32504.381400000282,559.28,558.73,558.46,0.0004650081376423925,0.0016632983384900649,-0.0011982902008476723,2026-07-03T00:28:49.729193+00:00
8b57d884-0cd2-4af5-8b29-fa5ab9994bc8,AVAXUSDT,LONG_BIAS,LONG,2026-07-03T00:15:04.190090+00:00,6.799,114183.79799999992,0.20198317994579518,0.7568735204955304,TRADE_BURST,164602.02999999988,6.799,6.806,6.791,0.0013237240770700767,0.0017649654360936099,-0.001176643624062363,2026-07-03T00:30:04.242807+00:00
59640886-49ca-4314-aa53-4a2664e6a1a0,BNBUSDT,LONG_BIAS,LONG,2026-07-03T00:40:01.517265+00:00,558.32,170956.06139999966,0.6099823238804749,0.702465659685262,BUY_AGGRESSION,122906.74549999976,558.55,558.42,558.42,0.0006985241438601274,0.0,0.00017910875483577346,2026-07-03T04:00:45.059711+00:00
899e6990-d734-41e1-b2db-257ad1816d25,SUIUSDT,LONG_BIAS,LONG,2026-07-03T00:40:19.298507+00:00,0.7308,157481.64701000013,0.20334437253633564,0.7488134575671316,BUY_AGGRESSION,138118.18566999995,0.7304,0.7298,0.7298,0.0001368363437328804,0.0013683634373289559,-0.0013683634373289559,2026-07-03T04:00:45.059711+00:00
0d5d4a15-f123-4108-856a-3625bc6a246b,WLDUSDT,SHORT_BIAS,SHORT,2026-07-03T04:15:47.690178+00:00,0.423,-131783.32450000005,-0.44484755505091444,0.2592573520731612,TRADE_BURST,-131783.3245,0.4163,0.4177,0.4149,0.024113475177304933,0.0,0.01914893617021276,2026-07-03T04:30:48.145934+00:00
121b02f7-ffc1-4a59-9fb6-1e18149923e0,ZECUSDT,SHORT_BIAS,SHORT,2026-07-03T04:16:15.119583+00:00,426.89,-109410.35420999999,-0.9917066938020671,0.19701422691950743,SELL_AGGRESSION,-109410.35420999998,427.04,426.51,427.13,0.0012415376326453482,0.0020379957366066306,-0.0005622057204432269,2026-07-03T04:31:15.539284+00:00
e267019c-48dc-4e39-b93a-f0b4e3b218f9,BTCUSDT,SHORT_BIAS,SHORT,2026-07-03T04:44:22.116027+00:00,61452.0,-151049.48380000002,-0.6915951695811903,0.0,SELL_AGGRESSION,-151049.48380000005,61464.8,61402.1,61432.2,0.0016598320640499903,0.000598841372127887,0.00032220269478622194,2026-07-03T04:59:22.477649+00:00
6afd4573-a432-401e-9e98-b1c717b0f0a3,DOGEUSDT,SHORT_BIAS,SHORT,2026-07-03T04:50:01.780052+00:00,0.07448,-103697.87347000002,-0.23094573241977237,0.26117317774268434,SELL_AGGRESSION,-39239.688459999976,0.07446,0.07451,0.07454,0.0008055853920516178,0.0010741138560686995,-0.0008055853920514314,2026-07-03T05:05:02.421774+00:00
e0dfc59b-afac-4596-98e8-45f6b3dacedd,DOGEUSDT,LONG_BIAS,LONG,2026-07-03T04:55:48.933362+00:00,0.07454,124015.6623600001,0.2191476129962381,0.7466002586757537,BUY_AGGRESSION,47702.74391000009,0.0745,0.07448,0.07459,0.0009390931043734991,0.0016098738932116329,0.00067078078883832,2026-07-03T05:10:49.226044+00:00
609ecf17-038b-4fb4-b501-52bb5097885b,BNBUSDT,SHORT_BIAS,SHORT,2026-07-03T04:57:28.370529+00:00,561.03,-115758.50449999992,-0.9303171282895717,0.28357108657636826,SELL_AGGRESSION,-177633.22209999998,561.43,561.19,561.22,0.0006238525569043059,0.0008020961445912795,-0.0003386628166052699,2026-07-03T05:12:28.586813+00:00
ae02700d-f7b9-48a0-8a25-56f5ff5ba88b,XRPUSDT,LONG_BIAS,LONG,2026-07-03T04:58:08.433521+00:00,1.0928,127242.83258000057,0.3847002554668459,0.6221329490714594,LARGE_TRADE,-24848.1386999999,1.0923,1.0923,1.0944,0.0017386530014641406,0.0017386530014641406,0.0014641288433382557,2026-07-03T05:13:08.887541+00:00
ceed1415-ea8a-4438-ae6f-3eaac383e9e9,BNBUSDT,SHORT_BIAS,SHORT,2026-07-03T05:03:10.224196+00:00,560.91,-159431.66260000016,-0.6458204412042737,0.30563529755472196,SELL_AGGRESSION,-300450.7274000002,561.26,561.28,561.24,0.000410047957782921,0.000927064948030846,-0.0005883296785581304,2026-07-03T05:18:10.600776+00:00
cef0be84-ffd8-4372-bbfd-fd43f49b6c85,XRPUSDT,LONG_BIAS,LONG,2026-07-03T05:09:50.227966+00:00,1.0937,146538.28659000012,0.1760758610841146,0.6979304464038403,BUY_AGGRESSION,35350.51738000006,1.094,1.0941,1.0937,0.0011886257657493637,0.0007314620096917911,0.0,2026-07-03T05:24:50.692439+00:00
74dd0109-44b2-4f5f-bd4b-9336c7753592,WLDUSDT,LONG_BIAS,LONG,2026-07-03T05:15:05.460206+00:00,0.4156,124555.41399999992,0.20295812305272073,0.6730926272295218,BUY_AGGRESSION,24259.05599999988,0.4161,0.4164,0.4187,0.008421559191530191,0.0028873917228104773,0.007459095283926832,2026-07-03T05:30:06.342485+00:00
6014e191-db9b-4563-84e5-2e1b07c52caf,AAVEUSDT,LONG_BIAS,LONG,2026-07-03T05:29:44.779671+00:00,85.99,155094.56600000002,0.16183674802923076,0.7932039957569342,BULLISH_DIVERGENCE,-355521.7410000002,86.04,86.2,86.43,0.008605651819979174,0.0005814629608093634,0.005116874055122828,2026-07-03T05:44:45.369661+00:00
6b85bfae-efb9-41d6-a1bb-1340449efab5,SUIUSDT,LONG_BIAS,LONG,2026-07-03T05:37:14.171875+00:00,0.7409,105525.70432000009,0.2590138722727645,0.720392416422157,BUY_AGGRESSION,-729319.8105100011,0.7409,0.7389,0.7401,0.0004049129437170562,0.0032393035497367494,-0.0010797678499122997,2026-07-03T05:52:15.203677+00:00
e1075de1-b226-4217-93b9-6f707e56ff8e,ZECUSDT,SHORT_BIAS,SHORT,2026-07-03T05:40:17.236176+00:00,432.38,-238059.0397400002,-0.5837640612408299,0.4065486496143173,BEARISH_DIVERGENCE,2698138.64531,432.28,431.61,433.67,0.002590314075581675,0.007169619316342159,-0.002983486747768214,2026-07-03T05:55:18.058265+00:00
0e12e14f-876b-417b-8f9d-dd406ab0b37c,BTCUSDT,SHORT_BIAS,SHORT,2026-07-03T06:00:13.851942+00:00,61670.9,-134327.2263,-0.42917240710955745,0.04243709595365801,LARGE_TRADE,-134327.2263,61665.9,61812.6,61705.2,0.00013620686579896604,0.002500368893594825,-0.0005561780353456108,2026-07-03T06:15:14.618407+00:00
a5496939-49ea-4fa3-851b-947394063884,SOLUSDT,SHORT_BIAS,SHORT,2026-07-03T06:00:13.854386+00:00,81.1,-205176.7845,-0.20946514501533672,0.003459080514192845,LARGE_TRADE,-205176.78449999998,81.08,81.27,81.08,0.0004932182490751176,0.003205918618988966,0.0002466091245375588,2026-07-03T06:15:14.618407+00:00
b617756b-2309-430b-936e-2783d89692cc,ZECUSDT,LONG_BIAS,LONG,2026-07-03T06:01:32.681931+00:00,435.27,106499.06926000002,0.9647751647048468,0.6430006877185799,BUY_AGGRESSION,106499.06926000006,435.6,439.08,436.16,0.013853470259838789,0.0017690169320191647,0.0020447078824638574,2026-07-03T06:16:32.864324+00:00
8d388348-f3a6-451d-b628-02a293e88a4d,WLDUSDT,LONG_BIAS,LONG,2026-07-03T06:05:31.252264+00:00,0.4203,107271.51559999981,0.648922709961762,0.5843620640865997,BUY_AGGRESSION,93439.39130000008,0.4206,0.4213,0.4199,0.0066619081608374235,0.001665477040209455,-0.0009517011658339554,2026-07-03T06:20:31.943536+00:00
51baf7b9-ec01-472d-8755-6e1d967ca8ae,ADAUSDT,LONG_BIAS,LONG,2026-07-03T06:06:14.831698+00:00,0.1645,185462.73309999966,0.178651663106988,0.6439088592090274,BUY_AGGRESSION,178848.50099999996,0.1646,0.1649,0.1653,0.0115501519756838,0.0006079027355624118,0.00486322188449845,2026-07-03T06:21:15.586481+00:00
40210100-0f39-400d-8bce-37c9859b6493,DOGEUSDT,LONG_BIAS,LONG,2026-07-03T06:07:03.817070+00:00,0.07522,158053.98933999962,0.18770384293786732,0.5979323124097269,BUY_AGGRESSION,305792.5598599998,0.07515,0.0752,0.07516,0.0011964902951343624,0.0022600372241423773,-0.0007976601967560571,2026-07-03T06:22:04.629168+00:00
c1bf1d36-daa5-4983-98f7-26378ceee52f,BNBUSDT,SHORT_BIAS,SHORT,2026-07-03T06:23:50.802214+00:00,562.85,-114049.2821999999,-0.38648432605414745,0.3322379195340935,SELL_AGGRESSION,182599.8976000001,562.9,563.1,562.5,0.0009949364839656376,0.0019010393532911723,0.0006218353024784982,2026-07-03T06:38:51.874028+00:00
3a2c44c5-2422-4898-8bec-31dd7e3c514d,TRXUSDT,SHORT_BIAS,SHORT,2026-07-03T06:35:33.212919+00:00,0.31877,-111163.01704999994,-0.21907362669312339,0.4018756002223962,SELL_AGGRESSION,1450825.09689,0.31885,0.31893,0.31895,0.0002195940646861828,0.002039087743514082,-0.0005646704520501098,2026-07-03T06:50:33.906846+00:00
39485646-e349-46bf-9e37-99029f4ab281,XRPUSDT,SHORT_BIAS,SHORT,2026-07-03T06:37:57.590904+00:00,1.101,-771727.8693999999,-0.21375312391293722,0.29241466007682754,SELL_AGGRESSION,-847358.6468800004,1.1015,1.1027,1.1019,0.0005449591280653351,0.0022706630336057645,-0.0008174386920982044,2026-07-03T06:52:58.378280+00:00
12927b21-8fb9-4b86-987d-06468b40ed85,TRXUSDT,LONG_BIAS,LONG,2026-07-03T06:45:50.245549+00:00,0.31908,194560.6148799999,0.23718766365479035,0.6059892547317901,BUY_AGGRESSION,1644438.1690100008,0.31898,0.31894,0.31864,3.134010279556851e-05,0.001880406167732197,-0.001378964523003623,2026-07-03T07:00:50.328459+00:00
32ef4b88-eacb-4e20-8329-ad026419a24b,XRPUSDT,SHORT_BIAS,SHORT,2026-07-03T06:55:05.591021+00:00,1.1022,-115469.22014999986,-0.23382638959603305,0.3868533198283206,SELL_AGGRESSION,-927732.7048599997,1.1012,1.1007,1.0989,0.0030847396116857823,0.0,0.0029940119760479772,2026-07-03T07:10:06.051311+00:00
d09c8120-219c-4a33-ae02-77a2cebb79a6,SOLUSDT,SHORT_BIAS,SHORT,2026-07-03T06:59:32.786513+00:00,80.97,-534084.323799999,-0.16144473253861788,0.25963294113278457,SELL_AGGRESSION,-3421753.1070999643,80.91,80.87,80.88,0.002470050636038074,0.00024700506360375476,0.0011115227862171595,2026-07-03T07:14:33.495445+00:00
d81ee1f0-0b7e-469a-8bb4-9f0225cd604d,XRPUSDT,SHORT_BIAS,SHORT,2026-07-03T07:02:26.155671+00:00,1.1006,-132393.74727000008,-0.1662034398498445,0.376905013034508,SELL_AGGRESSION,-1081949.1047099985,1.1007,1.1001,1.0988,0.0030892240596039158,0.0003634381246592367,0.001635471560966767,2026-07-03T07:17:26.246673+00:00
e1612e16-2002-4634-8c17-2183f0a79065,TRXUSDT,LONG_BIAS,LONG,2026-07-03T07:07:21.931607+00:00,0.31873,100203.09716999996,0.20326710533471265,0.7500528175206735,BUY_AGGRESSION,1800976.3351399987,0.31873,0.31883,0.31894,0.0007529884228028816,0.00021962162331758697,0.0006588648699525867,2026-07-03T07:22:22.532353+00:00
e92335d0-28d5-43ee-8833-22614b18f617,TRXUSDT,LONG_BIAS,LONG,2026-07-03T07:13:06.154395+00:00,0.31878,108725.95767000015,0.3307845197291403,0.730267714869981,BUY_AGGRESSION,1928305.3080899948,0.31873,0.31883,0.31893,0.0005960223351526695,0.0003764351590438829,0.00047054394880476655,2026-07-03T07:28:06.485394+00:00
dabf2ef6-d6c6-4236-bd22-49590248914a,TRXUSDT,LONG_BIAS,LONG,2026-07-03T07:18:27.300442+00:00,0.31882,109036.21687999998,0.1807052775919517,0.703415719005692,BUY_AGGRESSION,2047251.685389995,0.31893,0.31894,0.31863,0.0007214102001129414,0.0005959475566149175,-0.0005959475566149175,2026-07-03T07:33:28.094994+00:00
87414851-7d52-47d3-94cc-31f60997aca8,WLDUSDT,LONG_BIAS,LONG,2026-07-03T07:22:22.525270+00:00,0.4189,152382.5706000002,0.25031757743802946,0.6970767540786628,BUY_AGGRESSION,-747071.7935000022,0.4187,0.4197,0.4188,0.004296968250179097,0.002625925041776056,-0.00023872045834325372,2026-07-03T07:37:22.787039+00:00
fc7d8339-b787-4420-a3fd-9e6b9fa87337,TRXUSDT,LONG_BIAS,LONG,2026-07-03T07:23:48.555096+00:00,0.31893,100980.45292000007,0.16711713153599225,0.6905086322892964,BUY_AGGRESSION,2150123.338239997,0.31894,0.31896,0.31877,0.00037625811306559115,0.0009406452826638039,-0.0005016774840873969,2026-07-03T07:38:49.110644+00:00
ebbabe6b-3175-4afd-8150-f4fa07598edd,TRXUSDT,LONG_BIAS,LONG,2026-07-03T07:28:57.319546+00:00,0.31895,101323.50905000001,0.3297227155447241,0.6896732232689573,BUY_AGGRESSION,2255669.5392499967,0.31905,0.3188,0.31889,0.0003135287662642702,0.0010032920520457343,-0.00018811725975859694,2026-07-03T07:43:57.931583+00:00
78702b63-f52c-4b47-8c6f-6c1a64954892,BNBUSDT,SHORT_BIAS,SHORT,2026-07-03T07:35:13.038012+00:00,562.36,-163130.25349999996,-0.27390659903379405,0.25596314074441767,SELL_AGGRESSION,-1779388.165500009,562.39,562.08,562.36,0.0006401593285440175,0.0008713279749626735,0.0,2026-07-03T07:50:13.063168+00:00
0db12599-d447-4158-b54b-7dec491b8773,DOGEUSDT,SHORT_BIAS,SHORT,2026-07-03T07:35:23.768880+00:00,0.07523,-178583.37257,-0.1555335488152931,0.29247284073847535,SELL_AGGRESSION,-260155.47741,0.07523,0.07526,0.0752,0.0009304798617572859,0.0017280340289776847,0.0003987770836102917,2026-07-03T07:50:24.062437+00:00
eb52298b-31d6-4934-9fee-5b309d015ede,WLDUSDT,LONG_BIAS,LONG,2026-07-03T07:39:25.840541+00:00,0.421,188975.16399999973,0.18094352728758134,0.6933825279446653,BUY_AGGRESSION,-439408.0759000015,0.4203,0.4206,0.4196,0.0004750593824228824,0.0052256532066507835,-0.0033254156769596493,2026-07-03T07:54:26.781806+00:00
e0b9b6fe-864a-4faf-bd5e-4b8179dd12db,BNBUSDT,SHORT_BIAS,SHORT,2026-07-03T07:41:10.053566+00:00,562.33,-144907.42439999976,-0.22929721596842537,0.28792746391955254,SELL_AGGRESSION,-1973835.33010001,562.43,562.45,562.0,0.0006579766329379626,0.0008002418508703639,0.000586844023971762,2026-07-03T07:56:11.049833+00:00
f6f4ee8b-54fb-4fa1-bf9e-664e3150882b,SUIUSDT,LONG_BIAS,LONG,2026-07-03T07:43:54.630077+00:00,0.7408,155536.74632999994,0.20808335158423086,0.8425540266637439,BUY_AGGRESSION,808684.0968399956,0.7413,0.7409,0.7413,0.003509719222462116,0.0005399568034558139,0.0006749460043195801,2026-07-03T07:58:54.699594+00:00
88e68742-bcf7-406e-8579-a2cc93ff4289,HBARUSDT,SHORT_BIAS,SHORT,2026-07-03T07:49:09.952342+00:00,0.07116,-122548.31758000003,-0.29592881422421086,0.07916338210080147,TRADE_BURST,-472418.2862000001,0.07117,0.07128,0.07103,0.002248454187746028,0.0019673974142777016,0.0018268690275436356,2026-07-03T08:04:10.902676+00:00
18238dcf-e299-442b-863c-ed2763a2c252,XRPUSDT,LONG_BIAS,LONG,2026-07-03T07:50:50.341793+00:00,1.1033,169169.73015000107,0.3331941520105734,0.587609892579159,BUY_AGGRESSION,-452526.31398999796,1.1038,1.103,1.1012,0.0010876461524518173,0.0021752923049034333,-0.0019033807667905292,2026-07-03T08:05:51.014768+00:00
448a93ea-3d06-4cbd-8e17-26e9343d73c5,LINKUSDT,SHORT_BIAS,SHORT,2026-07-03T07:59:04.852377+00:00,7.768,-147061.1841399998,-0.22654040838115827,0.3582231802876718,SELL_AGGRESSION,474706.8042299947,7.765,7.77,7.77,0.0006436663233779471,0.002059732234809477,-0.000257466529351156,2026-07-03T08:14:05.843433+00:00
afef9f06-452c-420a-a5ab-06751014a610,TRXUSDT,LONG_BIAS,LONG,2026-07-03T08:00:12.575279+00:00,0.31906,117698.20135000006,0.2946790019367021,0.8678138512912198,TRADE_BURST,2319861.922260011,0.31913,0.31905,0.31897,0.0006581834137779351,0.0008148937503918948,-0.0002820786059049536,2026-07-03T08:15:13.160654+00:00
7dade439-cbbf-480c-a8c7-71c226e00fec,WLDUSDT,SHORT_BIAS,SHORT,2026-07-03T08:02:23.254389+00:00,0.4188,-161713.1322999998,-0.16494089692477684,0.36193509223141274,SELL_AGGRESSION,-760208.1023000024,0.4185,0.4182,0.4191,0.003342884431709676,0.002387774594078321,-0.0007163323782234168,2026-07-03T08:17:23.544855+00:00
a84e3c04-9859-4800-ae34-f7b35dbc93b5,SUIUSDT,LONG_BIAS,LONG,2026-07-03T08:13:00.688827+00:00,0.7409,107390.86258999998,0.3822119623499008,0.809001712597002,BUY_AGGRESSION,1037068.6257699963,0.7409,0.7407,0.7401,0.0010797678499122997,0.002429477662302637,-0.0010797678499122997,2026-07-03T08:28:01.267953+00:00
8a39a5a0-a7f3-4fba-b8c7-2df89f2d85db,ZECUSDT,SHORT_BIAS,SHORT,2026-07-03T08:16:12.852074+00:00,441.76,-257664.10902000056,-0.8936691667356838,0.4019653062085259,BEARISH_DIVERGENCE,5959688.380559976,441.68,439.85,440.54,0.005613908004346292,0.0018109380659181713,0.0027616805505251054,2026-07-03T09:29:38.887564+00:00
bbba3867-782f-4a41-87c2-19cea71b0172,BNBUSDT,SHORT_BIAS,SHORT,2026-07-03T08:19:20.031757+00:00,561.81,-275912.8260000001,-0.215765457294742,0.21763551623404206,SELL_AGGRESSION,-2244544.657800028,562.01,562.14,562.56,1.77996119684429e-05,0.0019401577045620973,-0.0013349708976344316,2026-07-03T09:29:38.887564+00:00
942841c8-c00c-41dc-80c5-e1fed7d829f0,BCHUSDT,SHORT_BIAS,SHORT,2026-07-03T08:21:43.292757+00:00,224.4,-113161.62973000004,-0.6482655190134708,0.2348593849902716,SELL_AGGRESSION,14016.579770000197,224.6,224.55,224.43,0.00040106951871659273,0.0018270944741532824,-0.00013368983957219759,2026-07-03T09:29:38.887564+00:00
13e4498a-9098-4a72-80ff-c5a712b9d896,WLDUSDT,LONG_BIAS,LONG,2026-07-03T08:24:08.327017+00:00,0.4192,109692.52010000011,0.25803364632461234,0.6026174813567858,BUY_AGGRESSION,-713766.1559000018,0.419,0.4184,0.4184,0.0002385496183205844,0.004055343511450465,-0.00190839694656494,2026-07-03T09:29:38.887564+00:00
2c0fa0dd-f5f7-44be-93fb-61071f780089,BNBUSDT,LONG_BIAS,LONG,2026-07-03T09:29:38.711466+00:00,562.56,211972.1566,0.8545429211502038,0.7402759958500118,BUY_AGGRESSION,-1967948.1300000325,563.28,563.29,562.56,0.0020797781569967164,1.7775881683715347e-05,0.0,2026-07-03T09:44:38.726292+00:00
eaad90bf-5882-42af-ba6a-f508d91b7e42,SOLUSDT,SHORT_BIAS,SHORT,2026-07-03T09:29:38.723481+00:00,81.0,-1340092.3142000013,-0.22259606023033313,0.3738894454877455,SELL_AGGRESSION,-6564160.6621999955,80.86,80.81,81.0,0.004567901234567957,0.0003703703703703844,0.0,2026-07-03T09:44:38.726292+00:00
952c2a73-54ed-4ab1-ba6b-8a1ce52962d2,LINKUSDT,SHORT_BIAS,SHORT,2026-07-03T09:31:04.411530+00:00,7.778,-142238.31531000003,-0.3501154249378489,0.0366198423761369,SELL_AGGRESSION,440178.7351899953,7.782,7.773,7.779,0.002571355104139827,0.0008999742864490308,-0.00012856775520703702,2026-07-03T09:46:05.355932+00:00
4f716dfa-dc2d-48ea-943e-77afca7207ed,LINKUSDT,SHORT_BIAS,SHORT,2026-07-03T09:39:09.371115+00:00,7.766,-151256.69254,-0.36286544252316866,0.30137226085374075,SELL_AGGRESSION,315334.49334999506,7.765,7.773,7.791,0.0010301313417460736,0.004506824620139086,-0.0032191604429565226,2026-07-03T09:54:10.254653+00:00
805c8ca6-3df8-4882-bb34-d93f31d5db44,ZECUSDT,SHORT_BIAS,SHORT,2026-07-03T09:41:13.330261+00:00,445.7,-350124.4102000011,-0.22453453947614627,0.3182910286877442,BEARISH_DIVERGENCE,5263194.056969962,447.09,447.39,447.45,2.2436616558202615e-05,0.007157280682073139,-0.003926407897689029,2026-07-03T09:56:14.076568+00:00
09106692-45b9-4b36-acee-55518d2c46be,BNBUSDT,LONG_BIAS,LONG,2026-07-03T09:44:07.249695+00:00,563.68,114587.43339999966,0.773121880622383,0.6339466085149754,BUY_AGGRESSION,-2104473.483700027,563.84,563.98,563.37,0.002182089128583626,0.0005676979846720415,-0.0005499574226510528,2026-07-03T09:59:07.743176+00:00
bb428d59-4563-43f9-a64e-614d8a559cdf,LINKUSDT,LONG_BIAS,LONG,2026-07-03T09:46:02.069940+00:00,7.778,111453.83162999999,0.1674865777238159,0.8895525077337405,BUY_AGGRESSION,420063.9117499948,7.794,7.792,7.802,0.003085626124967861,0.0,0.003085626124967861,2026-07-03T10:01:03.148350+00:00
b554cf4e-5ae2-4a7a-bf79-5fdb105a2174,SUIUSDT,LONG_BIAS,LONG,2026-07-03T09:47:11.790514+00:00,0.7432,105912.78400000001,0.179315027698169,0.7469969315442362,BUY_AGGRESSION,1126784.8272099972,0.7426,0.7419,0.743,0.0004036598493004279,0.0022874058127017273,-0.00026910656620018566,2026-07-03T10:02:12.046450+00:00
f5425d0a-2f6e-4ea6-bdbf-d6d655b4ad15,XRPUSDT,SHORT_BIAS,SHORT,2026-07-03T10:05:40.201255+00:00,1.1003,-225233.9105399999,-0.16264022566032382,0.3776202260108533,SELL_AGGRESSION,-1616336.4519700103,1.1,1.099,1.1001,0.0012723802599291718,0.0017268017813323753,0.00018176860856128143,2026-07-03T10:20:41.139031+00:00
32b01174-89ac-4269-aacf-ed507c810ed4,BCHUSDT,SHORT_BIAS,SHORT,2026-07-03T10:06:11.236348+00:00,224.5,-164062.19129000013,-0.6332605378718548,0.3635834386088834,SELL_AGGRESSION,-104506.17398999973,224.19,224.37,224.75,0.002628062360801797,0.0035634743875278905,-0.0011135857461024498,2026-07-03T10:21:11.893050+00:00
c9c9c614-d707-4c06-b94e-7a03f0fed148,TRXUSDT,SHORT_BIAS,SHORT,2026-07-03T10:25:40.491066+00:00,0.31976,-109863.73010999997,-0.6394666775467767,0.26723179223145854,SELL_AGGRESSION,1763499.8845700214,0.31955,0.31966,0.32004,0.0008443832874655756,0.0009694771078309748,-0.0008756567425569254,2026-07-03T10:40:40.641824+00:00
3b514a10-cd76-4712-afb6-95940683cad5,BNBUSDT,LONG_BIAS,LONG,2026-07-03T10:27:43.738636+00:00,563.99,102294.44949999935,0.8914060540208547,0.6416045045847526,BUY_AGGRESSION,-1406195.767800024,563.89,564.12,564.67,0.001648965407187982,0.00019503891912979598,0.0012056951364385006,2026-07-03T10:42:44.294182+00:00
2a8a5347-f0a9-454e-933b-dfa4db4de536,SUIUSDT,LONG_BIAS,LONG,2026-07-03T10:29:33.259758+00:00,0.7457,126114.72959000008,0.19558899153929907,0.7834567879727987,BUY_AGGRESSION,1305569.191799997,0.745,0.7448,0.7495,0.005498189620490803,0.003218452460775203,0.005095883062893959,2026-07-03T10:44:33.920616+00:00
b4b4800e-a12a-42a5-8074-e2e033ddc712,ZECUSDT,SHORT_BIAS,SHORT,2026-07-03T10:33:42.316609+00:00,448.35,-184168.59069999942,-0.7703895692663189,0.40697132742003406,SELL_AGGRESSION,5486595.178199934,447.93,448.19,461.19,0.0023865283818446524,0.030444964871194326,-0.028638340582134436,2026-07-03T10:48:43.619561+00:00
3f9fc2ad-cf5a-499f-811b-338cfdb8b8e3,WLDUSDT,LONG_BIAS,LONG,2026-07-03T10:41:18.770418+00:00,0.4195,128714.61599999989,0.21620329788910073,0.6567910741783117,BUY_AGGRESSION,-826478.7178000016,0.4194,0.4204,0.4208,0.005244338498212242,0.0014302741358760177,0.0030989272943981487,2026-07-03T10:56:19.703875+00:00
c1ffcd70-4a8d-43c0-95c0-a3f3761086ec,SUIUSDT,LONG_BIAS,LONG,2026-07-03T10:41:30.437480+00:00,0.7454,111697.42385000004,0.32296830880766275,0.7116583075224504,BUY_AGGRESSION,1292374.9812599947,0.7452,0.7478,0.7489,0.005902870941776323,0.000536624631070507,0.004695465521867533,2026-07-03T10:56:30.923604+00:00
0e95cd43-2f0e-41d3-a7ec-58414e320aed,BCHUSDT,LONG_BIAS,LONG,2026-07-03T10:50:56.045568+00:00,227.81,239937.20996999982,0.4426395280270168,0.6836611198477172,BUY_AGGRESSION,-110113.08434000013,228.0,227.35,226.83,0.0012729906501031212,0.007242877836793844,-0.0043018304727623444,2026-07-03T11:05:56.565481+00:00
4eba316d-b69c-47f0-9652-c76e375c53a0,UNIUSDT,LONG_BIAS,LONG,2026-07-03T10:51:51.067301+00:00,3.24,104087.26999999999,0.20538002611779504,0.6367830563092568,BUY_AGGRESSION,716245.3659999971,3.241,3.237,3.233,0.001234567901234569,0.00648148148148159,-0.00216049382716053,2026-07-03T11:06:51.141948+00:00
7593aa30-b3e1-4570-85f3-ab2149e652d5,ADAUSDT,SHORT_BIAS,SHORT,2026-07-03T10:59:42.297249+00:00,0.1682,-150900.4763000001,-0.17304069250344126,0.3139966865457069,SELL_AGGRESSION,-1157820.3415000006,0.1682,0.1687,0.1686,0.0017835909631390887,0.0047562425683711235,-0.0023781212841855618,2026-07-03T11:14:43.191222+00:00
8d9ea211-527d-4dda-b91b-3e5e13e3154a,DOGEUSDT,SHORT_BIAS,SHORT,2026-07-03T10:59:51.454398+00:00,0.07537,-214444.86659999998,-0.15474755199508883,0.3277394299934673,SELL_AGGRESSION,-2155887.440819997,0.0753,0.07553,0.07556,0.00172482420061039,0.003316969616558315,-0.0025208969085842607,2026-07-03T11:14:52.634339+00:00
ca602046-96f2-4c95-a9c4-f57eaac4fb6e,LINKUSDT,LONG_BIAS,LONG,2026-07-03T11:04:19.406955+00:00,7.851,168836.50601,0.40944174665757344,0.6627123095678917,BUY_AGGRESSION,1389471.8642199975,7.861,7.861,7.861,0.0031843077314992175,0.00012737230926000942,0.0012737230925996418,2026-07-03T11:19:20.043797+00:00
ae168597-07cf-4060-945e-136c83a1e472,TRXUSDT,LONG_BIAS,LONG,2026-07-03T11:04:27.845208+00:00,0.32026,364995.05217000004,0.41943260936216126,0.9058154063671698,BUY_AGGRESSION,1703247.8409900218,0.32029,0.32018,0.31999,0.00012489851995249016,0.0010304127896084336,-0.0008430650096796118,2026-07-03T11:19:28.530200+00:00
6ee38750-78fa-4bdc-826e-94ea18b051db,NEARUSDT,LONG_BIAS,LONG,2026-07-03T11:10:35.902663+00:00,2.006,131918.78799999983,0.38728982000676715,0.5867716932686442,BUY_AGGRESSION,2050423.6830000118,2.003,2.003,1.997,0.0009970089730808693,0.005483549351944007,-0.004486540378863248,2026-07-03T11:25:36.586771+00:00
4354e456-d4ca-4e53-89d2-92ca078a7c45,NEARUSDT,SHORT_BIAS,SHORT,2026-07-03T11:27:59.931360+00:00,1.994,-420980.48099999985,-0.15563624167637513,0.2885529164085198,SELL_AGGRESSION,1326454.575000012,1.994,1.995,1.992,0.0010030090270812446,0.002006018054162489,0.0010030090270812446,2026-07-03T11:43:00.776465+00:00
dd137e57-5d31-4143-af43-04bf9d6f7047,AAVEUSDT,SHORT_BIAS,SHORT,2026-07-03T11:38:12.799682+00:00,86.73,-110937.33499999985,-0.1976821102743277,0.29344135831518864,SELL_AGGRESSION,-25717.8839999995,86.72,86.41,86.71,0.005995618586417736,0.0024213075060531965,0.00023060071486233404,2026-07-03T11:53:13.152780+00:00
7ddfd22b-0097-4e51-ae9c-04271b34ef11,TRXUSDT,SHORT_BIAS,SHORT,2026-07-03T11:38:48.497965+00:00,0.32008,-100437.8479,-0.5930106396175315,0.1628252597642372,SELL_AGGRESSION,1307318.2749100223,0.32004,0.31995,0.32008,0.0005311172206946638,0.0007810547363160085,0.0,2026-07-03T11:53:48.571507+00:00
f8b673fa-77e3-496d-9d49-d19170a081ad,BNBUSDT,SHORT_BIAS,SHORT,2026-07-03T11:47:13.754202+00:00,566.76,-190377.625,-0.26301910914108184,0.3364140306227784,SELL_AGGRESSION,-1008110.1915000274,567.01,567.54,566.76,1.7644152727769965e-05,0.002770131978262492,0.0,2026-07-03T12:02:13.809203+00:00
96aa614b-4bdd-4558-89a5-40d95659423b,TRXUSDT,LONG_BIAS,LONG,2026-07-03T12:02:52.042856+00:00,0.32051,203015.06678999992,0.4610973475125052,0.9244355149571996,BUY_AGGRESSION,1558557.7914500174,0.32051,0.32058,0.32051,0.00037440329474902183,0.0009984087859974493,0.0,2026-07-03T12:17:52.108129+00:00
8f2b51e6-16e9-48ee-a9e8-65c940d2d837,ADAUSDT,SHORT_BIAS,SHORT,2026-07-03T12:08:32.028497+00:00,0.1693,-227119.02860000025,-0.1550319713056776,0.34717583698052873,SELL_AGGRESSION,-1082224.5050999995,0.1694,0.1693,0.1693,0.009450679267572462,0.002362669816892993,0.0,2026-07-03T12:23:32.088167+00:00
8152d563-344e-4604-bc3b-99883104aa31,AAVEUSDT,SHORT_BIAS,SHORT,2026-07-03T12:09:52.162184+00:00,86.96,-138647.4639999999,-0.30379252895975234,0.3218320221163951,SELL_AGGRESSION,666.3370000010021,86.82,86.98,86.99,0.00471481140754366,0.000919963201472085,-0.000344986200551991,2026-07-03T12:24:53.235867+00:00
9876a903-5c96-44b4-8cd2-8c133ee57238,TRXUSDT,LONG_BIAS,LONG,2026-07-03T12:10:43.877083+00:00,0.32063,124401.6495400001,0.5922514668731088,0.7688574996529649,BUY_AGGRESSION,1624451.3835900144,0.32028,0.3203,0.32002,0.0,0.002089636029067785,-0.0019025044443751345,2026-07-03T12:25:44.318739+00:00
660e5a3e-0365-4d79-8fd4-240818d9fa07,SUIUSDT,SHORT_BIAS,SHORT,2026-07-03T12:17:43.242753+00:00,0.7498,-116563.31737000021,-0.2741697114668195,0.3937917820756384,SELL_AGGRESSION,2029079.21823999,0.7487,0.7498,0.7507,0.0018671645772206826,0.0018671645772205345,-0.0012003200853561108,2026-07-03T12:32:44.315005+00:00
085151b5-e07c-4f5e-95f3-ee4aa4a39433,AAVEUSDT,SHORT_BIAS,SHORT,2026-07-03T12:19:11.151647+00:00,86.63,-198708.93900000036,-0.15200119644897683,0.3288432670089971,SELL_AGGRESSION,-459272.16299999866,86.71,86.89,87.21,0.0005771672630728057,0.007272307514717877,-0.006695140251644908,2026-07-03T12:34:11.718226+00:00
755cc854-1bd3-4c04-9dbf-c3b4f0a3115f,AVAXUSDT,SHORT_BIAS,SHORT,2026-07-03T12:19:22.812282+00:00,6.879,-254710.3629999999,-0.29380918153897845,0.2848158928342872,SELL_AGGRESSION,1735870.9930000012,6.881,6.877,6.864,0.003779619130687571,0.0008722197993894792,0.0021805494984735692,2026-07-03T12:34:24.054740+00:00
b2268d71-b1fd-4cdb-9f48-a60987722b7b,DOTUSDT,SHORT_BIAS,SHORT,2026-07-03T12:20:16.718757+00:00,0.865,-131479.91559999995,-0.15151571690308122,0.2642120890507913,SELL_AGGRESSION,-302969.91660000075,0.865,0.866,0.865,0.0023121387283237013,0.0023121387283237013,0.0,2026-07-03T12:35:16.752385+00:00
4c12b04e-3008-4c97-9d74-85525ec0e4b7,WLDUSDT,LONG_BIAS,LONG,2026-07-03T12:24:16.768978+00:00,0.419,192365.89739999978,0.16636378829194584,0.6218845294713284,BUY_AGGRESSION,-2382796.0328000053,0.4192,0.4192,0.4185,0.00214797136038189,0.003579952267303106,-0.0011933174224343687,2026-07-03T12:39:17.832591+00:00
60706a22-d69a-4d5d-b626-1bb9ae81d0be,LINKUSDT,LONG_BIAS,LONG,2026-07-03T12:24:58.200055+00:00,7.845,104236.42199999996,0.16582360734794388,0.6980631765776166,BUY_AGGRESSION,1445626.598719992,7.844,7.845,7.834,0.000509878903760414,0.0020395156150414297,-0.001402166985340997,2026-07-03T12:39:58.664328+00:00
c6397823-2049-4a6d-80b0-9d47cc1c0b4b,HBARUSDT,SHORT_BIAS,SHORT,2026-07-03T12:27:12.371234+00:00,0.0716,-225938.4985299999,-0.24543776669980794,0.14430194062153695,SELL_AGGRESSION,-1041861.358369999,0.0717,0.07162,0.07174,0.0008379888268155115,0.00195530726256985,-0.00195530726256985,2026-07-03T12:42:13.342036+00:00
794e01fc-7817-4078-9f07-bb347684d165,DOTUSDT,SHORT_BIAS,SHORT,2026-07-03T12:30:12.655277+00:00,0.864,-107184.96459999999,-0.166761071472639,0.048478907101244015,SELL_AGGRESSION,-356860.55330000055,0.864,0.865,0.863,0.002314814814814817,0.0034722222222222255,0.0011574074074074084,2026-07-03T12:45:12.965693+00:00
ad2b4000-c5d3-48e7-a014-2cddce68e811,XRPUSDT,LONG_BIAS,LONG,2026-07-03T12:55:18.980496+00:00,1.1063,231908.15565000015,0.22411201224919916,0.6451551956142466,BUY_AGGRESSION,-4801753.33429996,1.1065,1.108,1.1095,0.003163698815872581,0.0006327397631746768,0.0028925246316549484,2026-07-03T13:10:19.224115+00:00
dbef55f1-71aa-43f6-bf31-ce29e927ea5e,UNIUSDT,LONG_BIAS,LONG,2026-07-03T12:55:19.122862+00:00,3.269,127508.97500000006,0.374960698707506,0.6314452727305367,BUY_AGGRESSION,1553728.105999992,3.269,3.284,3.262,0.005812174977057107,0.002447231569287246,-0.002141327623126374,2026-07-03T13:10:19.224115+00:00
b1c47102-f38b-430b-a1cf-ecca9d3f83fb,DOGEUSDT,LONG_BIAS,LONG,2026-07-03T13:00:05.873614+00:00,0.07606,110020.53349000003,0.17956301609107433,0.6114078253419811,BUY_AGGRESSION,1870692.233930009,0.07604,0.07599,0.07607,0.0005259006047856741,0.002103602419142879,0.0001314751511963729,2026-07-03T13:15:06.661163+00:00
30a3a3d6-9378-4c5a-b443-3c1104852c48,SUIUSDT,SHORT_BIAS,SHORT,2026-07-03T13:01:56.116432+00:00,0.7571,-426068.70411999966,-0.33365183803809817,0.3022040831706929,BEARISH_DIVERGENCE,1994912.8806499944,0.7559,0.7568,0.7572,0.0025095760137366437,0.0010566635847312415,-0.00013208294809138687,2026-07-03T13:16:57.078746+00:00
654d7708-bd1b-495c-8629-e2a167685241,WLDUSDT,SHORT_BIAS,SHORT,2026-07-03T13:05:49.798673+00:00,0.4218,-259766.81520000048,-0.20511407678124943,0.35739977383016114,SELL_AGGRESSION,-2699672.7854999914,0.4218,0.4231,0.4247,0.00047415836889529037,0.00853485064011378,-0.006875296348980592,2026-07-03T13:20:50.531189+00:00
75f8972b-472e-4569-a464-925304df6975,BCHUSDT,LONG_BIAS,LONG,2026-07-03T13:12:55.462107+00:00,228.19,117653.34825000018,0.16254034413439553,0.605073273571518,BUY_AGGRESSION,-834923.5261500068,228.33,228.46,228.13,0.0039440816863140615,0.002892326569963612,-0.0002629387790876124,2026-07-03T13:27:55.768066+00:00
aa351730-e7d7-4a99-aeca-e1e97323db7f,AVAXUSDT,SHORT_BIAS,SHORT,2026-07-03T13:20:51.629821+00:00,6.845,-304955.88400000025,-0.31167408755460313,0.24581803087938517,SELL_AGGRESSION,263843.0090000005,6.842,6.843,6.84,0.0016070124178232464,0.0020452885317750525,0.0007304601899196338,2026-07-03T13:35:52.249753+00:00
3de61b30-2c73-4d3f-b536-2a0efb2c820b,BCHUSDT,SHORT_BIAS,SHORT,2026-07-03T13:21:29.388697+00:00,228.53,-115827.29149000012,-0.7682407756690253,0.406615238934606,TRADE_BURST,-879797.1459300059,228.13,227.99,227.38,0.005075920010501889,0.0,0.005032162079376912,2026-07-03T13:36:30.302091+00:00
bfce12c3-8290-43be-ab59-a3345782d2cb,AAVEUSDT,LONG_BIAS,LONG,2026-07-03T13:25:05.437551+00:00,87.38,126345.51399999984,0.40806220988433917,0.6949961973851251,BUY_AGGRESSION,-310299.468000001,87.59,87.97,87.89,0.009727626459144066,0.0002288853284504008,0.00583657587548644,2026-07-03T13:40:05.947501+00:00
0f55803e-fe55-4289-80ee-c0ed24457fe4,SUIUSDT,SHORT_BIAS,SHORT,2026-07-03T13:25:26.686767+00:00,0.7544,-124141.24087999984,-0.24841367457271166,0.2774513307190553,SELL_AGGRESSION,1486499.2525699977,0.7553,0.7556,0.7533,0.003313891834570449,0.002518557794273612,0.0014581124072110152,2026-07-03T13:40:27.569052+00:00
bd53240d-8cc0-4ef1-a895-d0dbb21aaa8d,WLDUSDT,LONG_BIAS,LONG,2026-07-03T13:30:33.426295+00:00,0.4254,134802.48620000033,0.18388300379112543,0.6237666309775338,BUY_AGGRESSION,-2084820.6437999888,0.4254,0.4246,0.4266,0.004936530324400543,0.003761165961448026,0.002820874471085987,2026-07-03T13:45:34.610365+00:00
17179659-54cf-4d34-a14c-f1a7fb15e8c1,BNBUSDT,SHORT_BIAS,SHORT,2026-07-03T13:33:26.940289+00:00,566.3,-316260.8481999995,-0.8709890257573133,0.26763188120516196,SELL_AGGRESSION,-3290010.2528000195,566.28,566.07,567.36,0.0008829242450997705,0.0019071163694155766,-0.0018717993996116178,2026-07-03T13:48:27.700931+00:00
5cbebe87-0fa8-4032-bba1-be3bb73788eb,XRPUSDT,SHORT_BIAS,SHORT,2026-07-03T13:34:10.889674+00:00,1.113,-378595.0138899995,-0.17625510557649013,0.4149583400897882,BEARISH_DIVERGENCE,-4564380.110639955,1.1126,1.1119,1.1104,0.002336028751123033,0.0015274034141958984,0.002336028751123033,2026-07-03T13:49:11.313666+00:00
97e4bd83-1d2f-458c-8f71-4a38b2cee493,ADAUSDT,SHORT_BIAS,SHORT,2026-07-03T13:34:51.348407+00:00,0.17,-265917.3158999998,-0.17302442100452534,0.3228276007963352,BEARISH_DIVERGENCE,-1227332.8658999947,0.1699,0.1699,0.1701,0.0023529411764706552,0.00352941176470582,-0.0005882352941175823,2026-07-03T13:49:51.471750+00:00
33e9b32c-287b-42d2-9b23-68c7c446b656,AAVEUSDT,SHORT_BIAS,SHORT,2026-07-03T13:34:51.415555+00:00,87.62,-157210.5620000001,-0.17755155160224173,0.4050759223136638,BEARISH_DIVERGENCE,137329.7429999991,87.68,87.87,88.07,0.0004565167769916258,0.00661949326637752,-0.0051358137411548575,2026-07-03T13:49:51.471750+00:00
330b8f84-7472-4c44-a39f-c163820eedd9,TRXUSDT,LONG_BIAS,LONG,2026-07-03T13:41:29.458604+00:00,0.32052,209821.84484999996,0.7908489322125033,0.9919164269984373,LARGE_TRADE,1440803.6146300288,0.32058,0.32089,0.3207,0.001466367153375672,0.0,0.0005615874204416509,2026-07-03T13:56:30.437795+00:00
1afd74dc-9642-416c-85f6-d425e12da3e0,BNBUSDT,SHORT_BIAS,SHORT,2026-07-03T13:49:13.589151+00:00,566.71,-366836.8274000002,-0.9556173205520304,0.2429552892880116,TRADE_BURST,-3781349.6126000118,566.74,567.14,566.96,0.0013587196273225843,0.0026115649979707753,-0.00044114273614370665,2026-07-03T14:04:14.359923+00:00
5c6e046f-ec05-4964-ae8f-bc96b9ce27bf,SUIUSDT,LONG_BIAS,LONG,2026-07-03T13:53:13.091105+00:00,0.759,139594.25176,0.31850983347925155,0.7258231894678061,TRADE_BURST,1755409.0539299967,0.7572,0.7574,0.759,0.001185770750988158,0.006587615283267463,0.0,2026-07-03T14:08:13.146508+00:00
c8bdab8a-8bb8-44b0-b4c0-9da50a986efd,AAVEUSDT,LONG_BIAS,LONG,2026-07-03T13:57:57.120807+00:00,88.32,159027.09499999997,0.17754318608650138,0.6165849038176621,BUY_AGGRESSION,352605.91499999893,88.42,88.34,88.94,0.007359601449275427,0.0032835144927535333,0.007019927536231936,2026-07-03T14:12:57.684211+00:00
1f1c28b7-85d0-4076-8b0f-6448b49ac7b6,SUIUSDT,SHORT_BIAS,SHORT,2026-07-03T14:04:09.232354+00:00,0.7561,-198802.43393999987,-0.2126840769862339,0.2970682272267561,SELL_AGGRESSION,1587584.4524799963,0.7563,0.756,0.7526,0.0074064277212009645,0.0013225763787858761,0.004629017325750493,2026-07-03T14:19:09.758605+00:00
c4f6e052-62d4-44b9-8c91-a527ec9cc8b4,BNBUSDT,SHORT_BIAS,SHORT,2026-07-03T14:12:43.872475+00:00,565.9,-285816.63019999996,-0.20187556022401448,0.1925159591725179,SELL_AGGRESSION,-4202453.437200013,565.1,565.17,565.05,0.0039052836190138236,0.0,0.0015020321611592556,2026-07-03T14:27:44.295293+00:00
7b231b31-c6bb-453b-9f49-cd84c52f6202,LINKUSDT,SHORT_BIAS,SHORT,2026-07-03T14:13:45.521916+00:00,7.825,-122934.22426000005,-0.400215898974198,0.27421140116086096,TRADE_BURST,680544.0709299984,7.81,7.835,7.828,0.0025559105431310495,0.002044728434504794,-0.0003833865814696631,2026-07-03T14:28:46.780472+00:00
f887d220-6c84-4678-9ab9-fec80a1f1767,HBARUSDT,SHORT_BIAS,SHORT,2026-07-03T14:13:46.888886+00:00,0.07171,-122543.06275,-0.3369812288990883,0.2817717660550553,TRADE_BURST,-1240672.7025199926,0.07155,0.07178,0.07166,0.0027890112954956333,0.0020917584716217733,0.00069725282387386,2026-07-03T14:28:48.074386+00:00
61c33be3-bbd9-4542-88f3-ec0fadfdc751,SUIUSDT,SHORT_BIAS,SHORT,2026-07-03T14:14:19.216063+00:00,0.7519,-252095.63690999988,-0.23201194823092167,0.3110387630726362,SELL_AGGRESSION,1285924.2208499974,0.751,0.7533,0.7519,0.0061178348184599655,0.0037238994547147556,0.0,2026-07-03T14:29:19.915012+00:00
b9fd30d0-d0a6-4c51-bca2-41f4c3127b41,LTCUSDT,SHORT_BIAS,SHORT,2026-07-03T14:20:58.418538+00:00,43.32,-134484.11268,-0.19203528335056458,0.34484928857730895,SELL_AGGRESSION,-335767.12488000066,43.28,43.33,43.39,0.0025392428439519723,0.003462603878116311,-0.0016158818097876334,2026-07-03T14:35:59.365556+00:00
d63b78aa-823e-40c3-8b9b-a37231faaf70,LINKUSDT,SHORT_BIAS,SHORT,2026-07-03T14:22:40.592313+00:00,7.818,-324597.29515,-0.18258426313739715,0.2213426910246424,SELL_AGGRESSION,260418.4274599996,7.824,7.826,7.825,0.00038372985418255636,0.0023023791250960197,-0.0008953696597596011,2026-07-03T14:37:41.598859+00:00
40ff0085-bdcd-4a0c-95c6-f1b786635166,DOGEUSDT,LONG_BIAS,LONG,2026-07-03T14:29:48.351990+00:00,0.07615,211762.45740000004,0.18602621436889663,0.6684850662484451,BUY_AGGRESSION,2001337.0725999954,0.07615,0.07616,0.07642,0.004070912672357252,0.0006565988181220551,0.0035456336178595715,2026-07-03T14:44:49.179161+00:00
618223dd-3ae8-4e1b-98fc-0c33800b0071,ZECUSDT,SHORT_BIAS,SHORT,2026-07-03T14:34:04.030637+00:00,457.38,-332674.36904000223,-0.9166451726199982,0.3970076596092113,SELL_AGGRESSION,4916668.326249826,457.0,457.5,458.97,0.0008308190126371845,0.005116096025187004,-0.0034763216581399094,2026-07-03T14:49:04.450469+00:00
643a8702-757c-4663-bf11-da9e97d0647a,BNBUSDT,LONG_BIAS,LONG,2026-07-03T14:44:37.525028+00:00,565.74,217899.26149999967,0.7260568310985165,0.6366680199915635,BULLISH_DIVERGENCE,-5104511.077000037,566.17,565.51,566.38,0.0018029483508325058,0.0007600664616255942,0.001131261710326274,2026-07-03T14:59:38.213307+00:00
ab8075d8-68de-48cb-bed6-a935a3566dff,AAVEUSDT,LONG_BIAS,LONG,2026-07-03T14:59:45.837280+00:00,90.66,189451.56799999945,0.15120884462789655,0.6335554463158509,BUY_AGGRESSION,1239907.3909999963,90.41,89.99,89.83,0.0018751378777851501,0.012684756232075795,-0.009155084932715623,2026-07-03T15:14:46.880018+00:00
8ee6ace2-288d-4e61-96a1-ada990a65a32,BNBUSDT,SHORT_BIAS,SHORT,2026-07-03T15:00:18.279375+00:00,566.64,-124725.07759999979,-0.40900732335226253,0.4078028653291911,SELL_AGGRESSION,-5210581.58250003,566.8,566.63,567.45,0.000688267683185067,0.003988422984611025,-0.0014294790343076012,2026-07-03T15:15:19.172609+00:00
4cef1e93-eb9e-45c7-b2b0-2097674a4c7b,XRPUSDT,SHORT_BIAS,SHORT,2026-07-03T15:00:19.629358+00:00,1.112,-252707.44876999955,-0.15237274381311777,0.40905896435471834,SELL_AGGRESSION,-10882036.033939937,1.1137,1.1132,1.1202,0.0004496402877699343,0.009082733812949637,-0.007374100719424446,2026-07-03T15:15:20.487290+00:00
22ebb042-9422-4e31-a8f0-4faac9f7e34c,SUIUSDT,LONG_BIAS,LONG,2026-07-03T15:00:54.549314+00:00,0.7541,103807.9332899999,0.15849448720171289,0.6640504612053465,TRADE_BURST,861250.3833699987,0.7542,0.7532,0.7534,0.004641294258056038,0.0014586924811032884,-0.0009282588516112371,2026-07-03T15:15:55.429691+00:00
4eded5b2-5d47-4320-a9e4-9e3620a44e1f,LINKUSDT,LONG_BIAS,LONG,2026-07-03T15:02:06.514319+00:00,7.867,201605.72207000002,0.17943641151134052,0.7520540778417462,BUY_AGGRESSION,488405.50765999913,7.862,7.872,7.854,0.0033049447057327827,0.0026693784161687948,-0.0016524723528663914,2026-07-03T15:17:07.250164+00:00
951ed99d-b3e0-499c-bbb5-25addc805eb6,SUIUSDT,LONG_BIAS,LONG,2026-07-03T15:07:00.388135+00:00,0.755,127153.49912,0.15789613482661996,0.6253778894010419,BUY_AGGRESSION,966404.1738699997,0.7555,0.7557,0.7528,0.003443708609271585,0.003046357615893998,-0.002913907284768185,2026-07-03T15:22:00.833393+00:00
efeeeabd-0c15-43f5-96dd-d5d61d80f583,AVAXUSDT,LONG_BIAS,LONG,2026-07-03T15:10:58.333235+00:00,6.889,105788.05799999999,0.24313704861334823,0.6008046302975154,BUY_AGGRESSION,320260.2860000014,6.881,6.856,6.838,0.00029031789809838576,0.008128901146755704,-0.007403106401509676,2026-07-03T15:25:59.249966+00:00
f8b45dcb-344f-46f3-850e-345c46069b96,BCHUSDT,SHORT_BIAS,SHORT,2026-07-03T15:13:51.571719+00:00,229.09,-102608.34809999999,-0.1717986956896596,0.32471627774205786,TRADE_BURST,-1193664.6478000057,229.07,228.54,227.23,0.009734165611768255,0.0010912741717229036,0.008119079837618462,2026-07-03T15:28:52.630004+00:00
8355b76d-73ef-4cb3-a1eb-4446f6fae9df,WLDUSDT,SHORT_BIAS,SHORT,2026-07-03T15:14:23.909593+00:00,0.4265,-300607.2474000013,-0.19487680960363432,0.3731686201037389,SELL_AGGRESSION,-3230845.5583999692,0.4272,0.4261,0.423,0.012192262602579091,0.0016412661195780397,0.008206330597889808,2026-07-03T15:29:25.035454+00:00
9980cb53-9e48-4ae0-9260-a4f5dce08220,LTCUSDT,SHORT_BIAS,SHORT,2026-07-03T15:15:36.529852+00:00,43.77,-110183.85611999987,-0.1827737198244216,0.3638954823056016,SELL_AGGRESSION,-206822.8397399999,43.73,43.78,43.72,0.0027416038382454774,0.001142334932602174,0.0011423349326023363,2026-07-03T15:30:37.158115+00:00
f964fcc3-8383-4f51-a47d-3d8362f184fd,LINKUSDT,SHORT_BIAS,SHORT,2026-07-03T15:16:28.824319+00:00,7.854,-125034.90220000006,-0.15308443163483226,0.2863444686290259,SELL_AGGRESSION,284931.9890899988,7.857,7.847,7.833,0.003819709702062675,0.0007639419404125576,0.0026737967914438384,2026-07-03T15:31:29.241674+00:00
4b7db52c-c619-4325-9517-1891cfe7b175,NEARUSDT,LONG_BIAS,LONG,2026-07-03T15:31:07.037749+00:00,2.058,368145.14000000013,0.1997078303535911,0.6910848028972051,BULLISH_DIVERGENCE,-2389716.737999989,2.065,2.057,2.049,0.003887269193391646,0.007288629737609175,-0.004373177842565548,2026-07-03T15:46:07.450488+00:00
5e62211f-2cdf-46f9-ba24-3a158fc035f2,WLDUSDT,LONG_BIAS,LONG,2026-07-03T15:39:44.265990+00:00,0.4246,110611.27530000014,0.2961371794943568,0.6500619853859677,BUY_AGGRESSION,-3643496.837399962,0.4238,0.4256,0.4269,0.0068299576071597125,0.003532736693358458,0.005416862929816355,2026-07-03T15:54:45.087388+00:00
13f52620-8928-42d6-bd61-d1a61d4e727c,AAVEUSDT,LONG_BIAS,LONG,2026-07-03T15:54:37.135768+00:00,88.94,224822.16999999978,0.2450970458431273,0.6770535522084099,BULLISH_DIVERGENCE,-510470.9519999941,88.97,88.79,89.02,0.0040476725882617436,0.005284461434675049,0.0008994827973914807,2026-07-03T16:09:38.300491+00:00
9d6dc119-d66d-435e-a3d2-fcddca5f9b61,TRXUSDT,LONG_BIAS,LONG,2026-07-03T16:05:53.367794+00:00,0.32086,218530.1359700007,0.20388217194501718,0.7635244872153293,BUY_AGGRESSION,1769170.3239600419,0.32067,0.32057,0.32086,0.0,0.001464813314217947,0.0,2026-07-03T16:20:53.550901+00:00
43107368-c7b8-49da-b23f-2d09ffcfb28f,BCHUSDT,SHORT_BIAS,SHORT,2026-07-03T16:07:02.502670+00:00,227.55,-102517.09304000002,-0.6411197460413848,0.31815420465048644,SELL_AGGRESSION,-1170739.0959999987,227.44,227.32,227.55,0.0036914963744232184,0.00026367831245881023,0.0,2026-07-03T16:22:02.661633+00:00
96293b71-4b75-4d97-ae79-c798df489a9e,LINKUSDT,SHORT_BIAS,SHORT,2026-07-03T16:11:08.475112+00:00,7.829,-184923.58172000005,-0.4473818680294998,0.14708764382362963,LARGE_TRADE,-20118.763840001644,7.828,7.823,7.841,0.0024268744411802437,0.002554604674926614,-0.0015327628049559912,2026-07-03T16:26:09.370505+00:00
8cff9d62-6e67-4af5-a9f9-43a9e7c1d0dc,HBARUSDT,SHORT_BIAS,SHORT,2026-07-03T16:13:12.889684+00:00,0.07152,-102228.07501000003,-0.29751865933674815,0.19689509955947038,SELL_AGGRESSION,-1471037.9903100005,0.07158,0.07161,0.07161,0.0004194630872483536,0.003076062639821001,-0.0012583892617448666,2026-07-03T16:28:13.721240+00:00
d8175595-a0e0-4c2b-81e6-010c3a5cb1ef,BCHUSDT,SHORT_BIAS,SHORT,2026-07-03T16:15:13.389722+00:00,226.82,-106364.0056099999,-0.2944764176897975,0.3086047550894979,SELL_AGGRESSION,-1298794.4693500025,227.0,227.22,227.48,0.0004849660523762685,0.004100167533727214,-0.002909796314257987,2026-07-03T16:30:14.342075+00:00
0b309d3c-d34a-4db2-8042-870ee1774ffb,SUIUSDT,SHORT_BIAS,SHORT,2026-07-03T16:16:12.884346+00:00,0.7507,-347361.49079000007,-0.24153768634357078,0.2190432680087344,SELL_AGGRESSION,675190.575679997,0.7508,0.7505,0.7515,0.0019981350739310733,0.002397762088717081,-0.001065672039429748,2026-07-03T16:31:13.158432+00:00
926eae6d-69aa-4b6b-9319-56d318f8cf87,DOGEUSDT,LONG_BIAS,LONG,2026-07-03T16:19:46.021161+00:00,0.07641,144187.46863000013,0.2374080271687535,0.6141609378388955,BUY_AGGRESSION,460021.2620400194,0.07639,0.07663,0.07656,0.0043188064389477416,0.0005234916895695883,0.0019630938358853206,2026-07-03T16:34:46.917628+00:00
f2eb6829-8d11-40a5-a60d-16dc98c0cebb,ZECUSDT,LONG_BIAS,LONG,2026-07-03T16:22:45.851285+00:00,460.68,211822.0625100006,0.36205306542863064,0.5843343803134116,BUY_AGGRESSION,5379867.7852498675,460.8,460.55,458.47,0.0019536337587913026,0.005339932274029651,-0.004797256229920942,2026-07-03T16:37:46.321561+00:00
88b2397f-f5db-42d4-8fef-c0e452118dba,BNBUSDT,LONG_BIAS,LONG,2026-07-03T16:23:54.503569+00:00,566.56,231698.36469999998,0.9068824412120354,0.6763784841056908,BUY_AGGRESSION,-6889941.748600067,566.57,566.62,566.81,0.0011649251623836521,0.0011296243998870136,0.0004412595312058741,2026-07-03T16:38:55.575796+00:00
ae40859c-5361-457d-9d15-c1aae7a24ba0,ADAUSDT,LONG_BIAS,LONG,2026-07-03T16:25:39.626833+00:00,0.1733,111654.58069999973,0.20611581873385648,0.5884975265423472,BUY_AGGRESSION,-201567.57010000173,0.173,0.1726,0.1722,0.0005770340450085919,0.009809578765147185,-0.006347374495095312,2026-07-03T16:40:40.600507+00:00
6780166e-184c-437b-9a49-37e667000946,BNBUSDT,LONG_BIAS,LONG,2026-07-03T16:30:48.427700+00:00,567.11,252501.44270000007,0.8718645451665206,0.7116792992000897,BUY_AGGRESSION,-6667511.58370008,566.56,567.15,566.6,0.00019396589726863156,0.002098358343178668,-0.0008992964327908005,2026-07-03T16:45:49.533440+00:00
c42daa27-89ac-462e-b8c1-959189add89c,TRXUSDT,SHORT_BIAS,SHORT,2026-07-03T16:39:52.034956+00:00,0.32013,-136575.3950999999,-0.34217617967497505,0.13688657000588175,SELL_AGGRESSION,1415321.7856700376,0.3201,0.3202,0.32013,0.00021866116890017958,0.00034361040827163644,0.0,2026-07-03T16:54:52.274012+00:00
42ea781c-eef1-48ca-885f-e86262620fce,UNIUSDT,LONG_BIAS,LONG,2026-07-03T16:41:36.324264+00:00,3.286,149555.1129999999,0.18683202277197927,0.7303164372513608,BUY_AGGRESSION,1025199.8009999809,3.285,3.28,3.281,0.00030432136335967436,0.004260499087035981,-0.0015216068167985069,2026-07-03T16:56:37.354032+00:00
32632c26-d598-4038-b378-1a4db7f880f7,BNBUSDT,LONG_BIAS,LONG,2026-07-03T16:44:21.446109+00:00,566.81,139362.0487000001,0.541755469484457,0.6755300482460699,BUY_AGGRESSION,-6803939.956900066,566.83,566.25,567.34,0.0013408373176198455,0.00104091318078354,0.0009350576030770214,2026-07-03T16:59:21.920736+00:00
d58e4141-d7e1-43bc-819d-86b3549db11a,ADAUSDT,LONG_BIAS,LONG,2026-07-03T16:45:44.938770+00:00,0.1731,213164.80339999998,0.15604757359508548,0.5830046649425594,LARGE_TRADE,13021.085599997372,0.1731,0.1734,0.1731,0.007510109763142666,0.0011554015020219857,0.0,2026-07-03T17:00:45.109670+00:00
e0789968-f983-4a6c-95df-edba009a3773,SUIUSDT,SHORT_BIAS,SHORT,2026-07-03T16:52:08.775372+00:00,0.7519,-186124.68585000007,-0.15875801056342395,0.3021427269621874,BEARISH_DIVERGENCE,317379.73977999826,0.7522,0.7531,0.7576,0.00013299640909693973,0.008378773773108089,-0.00758079531852645,2026-07-03T17:07:09.710479+00:00
bd404444-6cfb-440e-91e9-c86471de8d3d,BNBUSDT,LONG_BIAS,LONG,2026-07-03T16:54:00.913911+00:00,566.78,190432.50559999992,0.15417358499939499,0.7086039664986334,BUY_AGGRESSION,-6570455.9308000775,566.9,567.25,568.37,0.002928825999506126,1.7643530117489863e-05,0.002805321288683496,2026-07-03T17:09:01.635028+00:00
621fbc63-c15b-4a3c-9cc3-8373405650cf,WLDUSDT,SHORT_BIAS,SHORT,2026-07-03T17:02:11.158950+00:00,0.4318,-112933.92890000003,-0.1714327676661101,0.40475884831854897,SELL_AGGRESSION,-3923435.370399934,0.4297,0.431,0.4291,0.006716072255673954,0.002547475683186637,0.006252894858730976,2026-07-03T17:17:12.255789+00:00
a86cc159-944c-4ef3-a847-e73daf37d4c9,HBARUSDT,SHORT_BIAS,SHORT,2026-07-03T17:03:41.560547+00:00,0.07136,-144521.08995999984,-0.268168978493999,0.29952002024544666,SELL_AGGRESSION,-1859490.5218200013,0.07143,0.07168,0.07144,0.0,0.006165919282511153,-0.0011210762331838107,2026-07-03T17:18:41.730963+00:00
abce38d3-6f32-4c80-a026-c73e953ca8a3,DOGEUSDT,LONG_BIAS,LONG,2026-07-03T17:07:44.297398+00:00,0.07668,469718.8252699999,0.19582973316857735,0.7582955679544414,BUY_AGGRESSION,1846202.2630900207,0.07669,0.07656,0.07658,0.00065206051121555,0.0023474178403755817,-0.001304121022430919,2026-07-03T17:22:45.617754+00:00
7940ef6d-2935-4b21-9140-7aa3bcbbf229,LTCUSDT,LONG_BIAS,LONG,2026-07-03T17:11:26.176521+00:00,43.93,236788.6676899998,0.20522248321088363,0.7690997229157079,BUY_AGGRESSION,187007.49816000095,43.96,43.98,43.93,0.0025039836102890836,0.0015934441156385223,0.0,2026-07-03T17:26:26.236063+00:00
c1985968-be7b-4212-8876-5ffb59fc299d,NEARUSDT,LONG_BIAS,LONG,2026-07-03T17:12:21.360270+00:00,2.025,198742.84100000013,0.1642330498375731,0.621315192962461,BUY_AGGRESSION,-2385616.8329999885,2.023,2.019,2.016,0.0,0.009876543209876552,-0.004444444444444394,2026-07-03T17:27:21.946932+00:00
6808ef8b-f182-4030-af86-d2cae6fa4878,AAVEUSDT,SHORT_BIAS,SHORT,2026-07-04T06:57:23.512784+00:00,88.38,-143218.13400000014,-0.2776288581572228,0.27524527632137613,SELL_AGGRESSION,-1897723.6579999975,87.11,86.99,87.09,0.01697216564833673,0.0,0.014596062457569496,2026-07-04T07:12:24.578324+00:00
2879bfa0-76fc-4313-80ad-7b336daacb8b,ZECUSDT,LONG_BIAS,LONG,2026-07-04T07:10:33.258685+00:00,461.5,101170.3417099996,0.8791467584504402,0.6291933966210805,BUY_AGGRESSION,184730.24763000026,462.51,462.11,462.5,0.0041170097508125185,0.00041170097508125183,0.0021668472372697724,2026-07-04T07:25:34.780731+00:00
367bb91a-86af-42ba-8006-4e42f57abcbc,SUIUSDT,SHORT_BIAS,SHORT,2026-07-04T07:16:14.855478+00:00,0.7554,-131772.93452999997,-0.15377180458180284,0.2954287966610391,SELL_AGGRESSION,-162526.41667999997,0.7557,0.7565,0.7569,0.0003971405877680262,0.002647603918453802,-0.001985702938840425,2026-07-04T07:31:18.676042+00:00
793fb6eb-c28a-4f09-b7e8-1e1df53c3051,DOGEUSDT,LONG_BIAS,LONG,2026-07-04T07:22:24.697948+00:00,0.07692,152061.96005999998,0.2506489651289366,0.7366785202746448,BUY_AGGRESSION,-1972314.2794600017,0.07693,0.07685,0.07674,0.0013000520020801205,0.0024700988039521024,-0.0023400936037441446,2026-07-04T07:37:25.582578+00:00
786de715-f6c7-45bd-8191-940342fb2fc1,ZECUSDT,LONG_BIAS,LONG,2026-07-04T07:32:41.330000+00:00,462.33,158639.71136999966,0.4419106699511613,0.6563539535939343,BUY_AGGRESSION,450334.76028000127,461.6,460.74,461.94,0.0001946661475570087,0.0044989509657603535,-0.0008435533060800432,2026-07-04T07:47:41.690453+00:00
3bb22853-35ec-4281-b4c4-3ee694df5705,SUIUSDT,SHORT_BIAS,SHORT,2026-07-04T07:44:32.123722+00:00,0.7545,-140557.95560999995,-0.21665747896440885,0.3192943032598947,SELL_AGGRESSION,-295746.32542999997,0.7541,0.757,0.7545,0.0017229953611662928,0.00609675281643479,0.0,2026-07-04T07:59:32.688800+00:00
a6a0920f-14cc-4e7b-bc20-dcf397bada76,AAVEUSDT,LONG_BIAS,LONG,2026-07-04T07:48:30.913409+00:00,87.42,103953.05299999999,0.17859818697726124,0.707297173868516,BUY_AGGRESSION,-55954.778000000006,87.45,87.52,87.42,0.00331731869137488,0.00034317089910776866,0.0,2026-07-04T08:03:30.980355+00:00
0efa30b0-b3fd-490f-9c01-adb5d96482e1,XRPUSDT,SHORT_BIAS,SHORT,2026-07-04T07:54:56.853030+00:00,1.1365,-291016.1717900005,-0.2368979635011051,0.35842714887440696,SELL_AGGRESSION,-1341125.9852700043,1.1365,1.139,1.1433,0.0005279366476024249,0.006687197536295494,-0.005983282006159188,2026-07-04T08:09:57.946417+00:00
1bad040a-67df-4306-b614-0d4545eb3ff9,BNBUSDT,LONG_BIAS,LONG,2026-07-04T08:01:09.187214+00:00,570.07,118189.12319999994,0.6390458516090657,0.5950101093403453,BUY_AGGRESSION,209861.9909999998,570.25,570.05,570.07,0.0010174189134666395,0.0006139596891610201,0.0,2026-07-04T08:16:09.367865+00:00
34d1670d-429f-4d14-8631-09482363ccc9,ZECUSDT,LONG_BIAS,LONG,2026-07-04T08:07:17.842275+00:00,462.75,106567.27535999927,0.2690209538242209,0.6108280547191933,BUY_AGGRESSION,-139438.93320000038,462.25,462.5,461.4,0.00030253916801725847,0.003933009184224729,-0.0029173419773096117,2026-07-04T08:22:18.508886+00:00
c2e8de89-3028-4767-a1b4-9a5d251a6d27,XRPUSDT,SHORT_BIAS,SHORT,2026-07-04T08:10:23.064476+00:00,1.1428,-318818.6721000008,-0.17531355041335778,0.41570519820543317,BEARISH_DIVERGENCE,-1755860.3327100028,1.1428,1.1439,1.1473,0.0013125656282814637,0.005075253762688158,-0.003937696884844197,2026-07-04T08:25:24.217917+00:00
0d0f5d28-8815-46a8-916d-d33ce1489993,SUIUSDT,LONG_BIAS,LONG,2026-07-04T08:11:43.510433+00:00,0.759,122818.12554999997,0.23606924730950377,0.7719986874942181,BUY_AGGRESSION,-103297.12126000138,0.759,0.7582,0.7583,0.0014492753623188272,0.002635046113306985,-0.0009222661396574887,2026-07-04T08:26:44.723459+00:00
693a7d2a-eb45-44fd-b7d1-b3341fa955d7,AAVEUSDT,SHORT_BIAS,SHORT,2026-07-04T08:43:19.761201+00:00,87.58,-108623.47400000002,-0.26029325240439466,0.26499375001157466,SELL_AGGRESSION,48271.030000000195,87.63,87.58,87.57,0.0007992692395523313,0.0013701758392327536,0.00011418131993611688,2026-07-04T08:58:21.288591+00:00
e761748a-775d-4a84-b7aa-151abcaa97d6,ZECUSDT,LONG_BIAS,LONG,2026-07-04T08:50:40.630189+00:00,461.19,151584.4407699999,0.7416074253327711,0.6681221895924235,BUY_AGGRESSION,-45930.95060999939,461.18,461.46,457.39,0.0015828617272707955,0.008824996205468448,-0.008239554196751906,2026-07-04T09:05:41.067456+00:00
5d0df3e6-4e81-4ee2-b21b-87d96d7b02c8,WLDUSDT,LONG_BIAS,LONG,2026-07-04T08:53:51.782624+00:00,0.4272,176493.29669999983,0.1801680795244233,0.6345510050617958,BUY_AGGRESSION,-5485134.1330999965,0.4273,0.4269,0.4244,0.0011704119850187275,0.011470037453183556,-0.0065543071161049266,2026-07-04T09:08:51.905446+00:00
57ea8cd2-aead-4ad4-ab32-2f87b02c801e,ZECUSDT,LONG_BIAS,LONG,2026-07-04T08:55:52.642889+00:00,461.75,138158.98784999966,0.49990257414984834,0.6165576012657746,BUY_AGGRESSION,95104.21441000054,461.53,460.5,457.45,0.0003248511099079096,0.011781266919328636,-0.009312398484028178,2026-07-04T09:10:52.799776+00:00
89ce723d-5486-4046-9def-5fb746a106da,XRPUSDT,LONG_BIAS,LONG,2026-07-04T09:00:45.730624+00:00,1.1406,321112.2091400002,0.1761336659160877,0.6297168724216966,BUY_AGGRESSION,-4716581.015399997,1.1398,1.1393,1.1411,0.002542521479922762,0.002717867788883134,0.00043836577240044267,2026-07-04T09:15:46.486884+00:00
58dfc59f-abe5-4266-be1a-644f4839b897,SUIUSDT,LONG_BIAS,LONG,2026-07-04T09:14:31.133347+00:00,0.7562,207331.38148999988,0.17004564188744528,0.7787892884240898,BUY_AGGRESSION,-263546.2472000025,0.7556,0.7571,0.7552,0.001719121925416514,0.0019836022216344167,-0.00132240148108966,2026-07-04T09:29:31.579650+00:00
37df1bc5-070e-4a6b-8f20-952bb545aed4,WLDUSDT,SHORT_BIAS,SHORT,2026-07-04T09:18:17.516233+00:00,0.4249,-186305.63720000023,-0.15337325550939201,0.2988004251198724,SELL_AGGRESSION,-6517293.794800016,0.4256,0.4245,0.4221,0.010355377735937903,0.002824193927983005,0.0065897858319605195,2026-07-04T09:33:18.337214+00:00
fc75f098-2d60-4440-8bb6-b8062bc116ef,BNBUSDT,SHORT_BIAS,SHORT,2026-07-04T09:23:15.990197+00:00,573.28,-184871.7756999997,-0.4777182507974917,0.3087849761492493,SELL_AGGRESSION,918338.4743999951,573.55,573.38,572.6,0.001273374267373741,0.00075006977393257,0.0011861568518000802,2026-07-04T09:38:17.255225+00:00
e49093c9-290c-4473-a580-82ea98c903e4,WLDUSDT,SHORT_BIAS,SHORT,2026-07-04T09:25:18.908313+00:00,0.4237,-300360.35220000026,-0.17696934125845384,0.33680019790668436,SELL_AGGRESSION,-6795793.610000022,0.4236,0.4214,0.4215,0.00778852962001422,0.001180080245456692,0.0051923530800095236,2026-07-04T09:40:19.747962+00:00
dda15651-aacb-4a09-9aeb-8cbae1bc7a0d,ZECUSDT,LONG_BIAS,LONG,2026-07-04T09:30:05.999291+00:00,457.71,137396.29004000087,0.2190601007914975,0.5991173416158165,BULLISH_DIVERGENCE,-1892829.8430999974,457.27,457.76,457.3,0.0004369578991065205,0.00495947215485784,-0.0008957636931680937,2026-07-04T09:45:07.295885+00:00
73b463f7-932b-46f7-b87c-ed8c2cbee600,AAVEUSDT,SHORT_BIAS,SHORT,2026-07-04T09:32:23.603651+00:00,87.41,-141221.3729999999,-0.19516183410908663,0.30555693678274126,SELL_AGGRESSION,-69780.53099999983,87.33,87.02,87.36,0.005720169317011784,0.0,0.0005720169317011459,2026-07-04T09:47:23.715214+00:00
c9d00a83-1b1d-4c1d-99ac-60abcae924d5,LINKUSDT,SHORT_BIAS,SHORT,2026-07-04T09:34:57.872526+00:00,7.897,-189933.56866,-0.32929031683591814,0.23823818561182264,SELL_AGGRESSION,-756237.7388200003,7.898,7.887,7.897,0.002912498417120498,0.00037989109788528726,0.0,2026-07-04T09:49:58.065793+00:00
c61ab66b-9404-49e1-b5e6-d5247a9418fe,AAVEUSDT,SHORT_BIAS,SHORT,2026-07-04T09:40:48.308507+00:00,87.04,-118860.57399999998,-0.3492942573466867,0.31850296889901075,SELL_AGGRESSION,-205876.90599999987,87.11,87.23,87.37,0.0,0.003791360294117627,-0.003791360294117627,2026-07-04T09:55:50.029862+00:00
9b5ef3fc-492b-42cb-a8d1-5912235d187c,XRPUSDT,LONG_BIAS,LONG,2026-07-04T09:46:36.677860+00:00,1.1361,201363.62844000023,0.2620630320174913,0.6106598751340441,BUY_AGGRESSION,-5026030.254040012,1.1367,1.1373,1.1361,0.0017604084147520285,0.0006161429451634054,0.0,2026-07-04T10:01:37.180816+00:00
1fff2390-8bdb-4167-9ad1-49f7daf8e8af,HBARUSDT,LONG_BIAS,LONG,2026-07-04T09:51:40.112109+00:00,0.07335,282832.8058999997,0.24613090098355925,0.5802467150671679,BUY_AGGRESSION,94831.09219999972,0.07356,0.07374,0.0738,0.012815269256987,0.005998636673483244,0.006134969325153456,2026-07-04T10:06:41.033802+00:00
d16da4c9-47e6-430e-b8d1-300dec86864f,ZECUSDT,LONG_BIAS,LONG,2026-07-04T09:53:40.860496+00:00,458.33,269356.90447000123,0.8213261818593386,0.6483161764631808,BUY_AGGRESSION,-2738936.584430003,458.47,458.27,458.2,0.0007418235768988106,0.003992756310954955,-0.0002836384264612734,2026-07-04T10:08:41.095194+00:00
cffba239-18b7-4767-a299-0ba21e3f5b6e,XRPUSDT,SHORT_BIAS,SHORT,2026-07-04T10:00:27.622518+00:00,1.1358,-246093.19507999963,-0.3855039282601712,0.2840541937544134,SELL_AGGRESSION,-5371091.872040005,1.1363,1.137,1.1381,0.0008804366966014175,0.0029934847684452105,-0.0020250044021834558,2026-07-04T10:15:28.535875+00:00
9950fcc6-e46e-4033-bcf7-13ca4078a6ac,HBARUSDT,LONG_BIAS,LONG,2026-07-04T10:03:08.435168+00:00,0.07393,107628.8728500001,0.4676864276794298,0.5801454468790102,TRADE_BURST,291111.3663499997,0.07396,0.07391,0.07364,0.0048694711213309785,0.005004734208034565,-0.0039226295144054995,2026-07-04T10:18:10.077044+00:00
f89cdffb-397a-481a-b837-434d162703bd,TRXUSDT,LONG_BIAS,LONG,2026-07-04T10:09:45.126203+00:00,0.32463,111002.06078999999,0.656010317220653,0.9144433535113122,BUY_AGGRESSION,515525.8404700016,0.32492,0.32505,0.32517,0.0019406709176601653,0.0,0.0016634322151373579,2026-07-04T10:24:46.061292+00:00
3b115c3b-54b7-422f-b0d5-fded8ee3190c,BNBUSDT,LONG_BIAS,LONG,2026-07-04T10:14:18.905661+00:00,572.35,199086.35860000027,0.36382186276613826,0.6665581547784011,BUY_AGGRESSION,215386.3732999978,572.23,572.57,572.35,0.0007862322005764511,0.0005416266270639628,0.0,2026-07-04T10:29:19.083744+00:00
711a50a3-6760-4dc4-8dc8-04099664735a,ZECUSDT,LONG_BIAS,LONG,2026-07-04T10:20:34.698636+00:00,457.57,130925.13665999958,0.30397668671705685,0.6260396722047732,BUY_AGGRESSION,-2504211.9615400173,457.76,458.73,459.69,0.005004698734619884,0.00021854579627153417,0.0046331708809581144,2026-07-04T10:35:36.003203+00:00
67c63a49-3217-4f87-8830-943cc9ccedf4,TRXUSDT,LONG_BIAS,LONG,2026-07-04T10:20:36.034393+00:00,0.32516,206304.73602000004,0.2046115987315246,0.8353963475565993,BUY_AGGRESSION,1069926.0180100016,0.32524,0.32518,0.3252,0.00030754090294005717,0.0,0.0001230163611759887,2026-07-04T10:35:37.688865+00:00
ffab4681-30d2-4c2e-9785-31c3e6b09197,ZECUSDT,LONG_BIAS,LONG,2026-07-04T10:29:40.053444+00:00,459.26,319466.3741100017,0.4126568871852639,0.6425886904555157,BUY_AGGRESSION,-1885309.9028500242,459.41,459.53,459.51,0.0025911248530244256,0.000979837129294928,0.0005443539607194182,2026-07-04T10:44:41.206332+00:00
d8a0c686-7dd8-4d81-8831-c4b43e6d14ed,BNBUSDT,SHORT_BIAS,SHORT,2026-07-04T10:41:41.548467+00:00,571.97,-179801.0868000002,-0.7436336953632856,0.33340465652592394,SELL_AGGRESSION,73437.2437999969,571.92,572.03,572.35,0.000367152123363177,0.0008042379845095419,-0.0006643705089427687,2026-07-04T10:56:42.683630+00:00
2114212b-c8c6-43fd-9697-dd50173e92ea,TRXUSDT,LONG_BIAS,LONG,2026-07-04T10:48:42.283125+00:00,0.32528,103430.53539,0.2252979882896953,0.7568838576504112,TRADE_BURST,1232651.9183300075,0.32529,0.32529,0.32528,6.148548942438665e-05,0.0011682242990653942,0.0,2026-07-04T11:03:42.446057+00:00
8dcf5fb6-fa07-461e-88ba-46967d66ad62,LINKUSDT,SHORT_BIAS,SHORT,2026-07-04T11:03:45.514961+00:00,7.898,-154736.57715,-0.19715708789703584,0.16735692256208362,SELL_AGGRESSION,-1367625.9478000046,7.898,7.908,7.9,0.0001266143327423963,0.001519371992909655,-0.0002532286654850175,2026-07-04T11:18:46.637357+00:00
7a534970-08a5-4ddf-b31c-07c115bf2911,NEARUSDT,LONG_BIAS,LONG,2026-07-04T11:08:37.321425+00:00,1.964,110826.40400000007,0.17154327830419142,0.8188949797769768,BUY_AGGRESSION,-1806310.5189999875,1.965,1.963,1.965,0.002545824847250568,0.0010183299389002047,0.0005091649694501588,2026-07-04T11:23:37.996843+00:00
79017e42-76e8-4e1d-baa0-7b47a2634daa,BNBUSDT,LONG_BIAS,LONG,2026-07-04T11:10:02.037169+00:00,573.03,107138.58290000015,0.33138876371282155,0.6226849140683516,BUY_AGGRESSION,727162.3569999944,573.09,572.52,573.03,0.0001919620264209791,0.0024955063434723315,0.0,2026-07-04T11:25:02.285357+00:00
620f72ce-00db-44ed-9059-32a3c55f8a40,BCHUSDT,LONG_BIAS,LONG,2026-07-04T11:12:09.231057+00:00,225.51,151991.72141000003,0.5266359187876682,0.8710088653585704,TRADE_BURST,-25688.370270000392,225.49,225.38,225.33,0.000443439315329798,0.0013746618775220712,-0.000798190767593359,2026-07-04T11:27:10.312538+00:00
1149ed54-ced6-4ca6-9c1d-bc8df03045fe,BNBUSDT,SHORT_BIAS,SHORT,2026-07-04T11:21:00.136580+00:00,572.13,-232928.25599999953,-0.48294253386682595,0.2567767051215675,SELL_AGGRESSION,295835.5668999943,572.28,571.85,572.13,0.0009263628895530259,0.0006467061681785688,0.0,2026-07-04T11:36:00.619194+00:00
03e925cd-5adf-4b8c-9bec-df75a85f048e,DOGEUSDT,SHORT_BIAS,SHORT,2026-07-04T11:22:02.433667+00:00,0.07705,-204920.60861,-0.15845377949893516,0.24217185723871834,SELL_AGGRESSION,3083884.743860009,0.077,0.07695,0.07704,0.002336145360155738,0.0005191434133681019,0.0001297858533419354,2026-07-04T11:37:03.730405+00:00
c0800474-7359-43c9-8a6d-95bd4946feaf,AAVEUSDT,LONG_BIAS,LONG,2026-07-04T11:37:01.930502+00:00,88.07,176561.54199999984,0.32384030509622863,0.7461850490704871,BUY_AGGRESSION,-324231.6750000011,88.06,87.99,87.9,0.0005677302146021503,0.00249801294424888,-0.00193028272964673,2026-07-04T11:52:02.869583+00:00
17518be6-fb30-4292-8bf6-973af05af87b,NEARUSDT,LONG_BIAS,LONG,2026-07-04T11:47:11.507541+00:00,1.978,239892.81800000012,0.18079579099391738,0.7720734230542435,BUY_AGGRESSION,-950238.7169999868,1.975,1.964,1.969,0.0,0.007583417593528768,-0.004550050556117238,2026-07-04T12:02:12.470138+00:00
a9b48950-130e-4e45-a723-90a723ce8338,XRPUSDT,SHORT_BIAS,SHORT,2026-07-04T11:53:22.698143+00:00,1.141,-287280.56096000003,-0.23247422397829132,0.3190694589438977,BEARISH_DIVERGENCE,-5377795.431160012,1.1408,1.1404,1.1412,0.0013146362839614872,0.00043821209465376415,-0.00017528483786150568,2026-07-04T12:08:23.560909+00:00
6a3ebee3-7f78-409c-bca1-912ad9a5ee25,TRXUSDT,LONG_BIAS,LONG,2026-07-04T11:59:16.979598+00:00,0.32549,113841.12999999995,0.7133103049757825,0.9435110585235291,BUY_AGGRESSION,1115768.6588200056,0.32553,0.32532,0.32549,0.00012289164029612122,0.0005222894712587283,0.0,2026-07-04T12:14:17.279785+00:00
1084b232-0e58-40ba-87f0-4c565a9a19e2,LINKUSDT,LONG_BIAS,LONG,2026-07-04T12:03:01.909564+00:00,7.917,106503.41153000001,0.1629511398037147,0.8365258404985686,BUY_AGGRESSION,-1013456.9603200101,7.922,7.919,7.928,0.0017683465959328324,0.00025262094227608686,0.001389415182518646,2026-07-04T12:18:02.459479+00:00
c095909f-1240-4a41-b84b-07ffd8edc9f6,ZECUSDT,LONG_BIAS,LONG,2026-07-04T12:05:39.207965+00:00,462.9,272054.6772200001,0.31150164629463234,0.622633801212793,BUY_AGGRESSION,-3075826.7486800696,463.24,462.37,462.7,0.000820911643983572,0.002635558435947225,-0.00043205875999133427,2026-07-04T12:20:39.811327+00:00
5ab794bf-7c0a-459e-9a37-dad9403bca8e,ZECUSDT,LONG_BIAS,LONG,2026-07-04T12:18:13.303208+00:00,462.47,164126.49366000012,0.6988513138826177,0.6605452097774823,BUY_AGGRESSION,-2896230.4980100607,462.72,463.16,464.31,0.007265336129911036,0.0001946072177655455,0.003978636452094135,2026-07-04T12:33:16.051556+00:00
79fcd207-464a-4809-80ef-e1e594966a0d,NEARUSDT,LONG_BIAS,LONG,2026-07-04T12:22:40.244264+00:00,1.974,129363.91999999977,0.18017351824031697,0.7008717894468313,BUY_AGGRESSION,-998698.2119999867,1.974,1.976,1.972,0.002532928064843017,0.0010131712259371843,-0.0010131712259371843,2026-07-04T12:37:41.701789+00:00
417caed8-e2de-440d-bdd7-c5f238143766,AAVEUSDT,LONG_BIAS,LONG,2026-07-04T12:24:12.247071+00:00,87.69,112185.42099999997,0.28222055285050984,0.7587692817221404,BUY_AGGRESSION,-338248.7050000017,87.64,87.77,87.76,0.00353518075037065,0.0011403808872162654,0.0007982666210515155,2026-07-04T12:39:13.320985+00:00
7a5322ef-20d4-423b-a6ce-1aa6504e83a1,BNBUSDT,LONG_BIAS,LONG,2026-07-04T12:31:19.087342+00:00,573.34,127334.02920000015,0.7977966560588126,0.6748574207337539,TRADE_BURST,201686.26139999536,573.51,573.18,573.34,0.0008895245404123049,0.0002790665224824395,0.0,2026-07-04T12:46:19.847967+00:00
68575745-9bfe-4e06-80a0-2177580709f9,AVAXUSDT,LONG_BIAS,LONG,2026-07-04T12:32:22.709786+00:00,6.873,151019.6120000001,0.24438613221690425,0.7986233149025868,BUY_AGGRESSION,108141.80399999597,6.871,6.864,6.858,0.0001454968718171753,0.0024734468208934012,-0.0021824530772589215,2026-07-04T12:47:24.038387+00:00
38184f61-8686-451e-b951-d673d3e2076b,WLDUSDT,LONG_BIAS,LONG,2026-07-04T12:38:17.443344+00:00,0.4249,184005.90009999997,0.34235748578071595,0.6080524286438866,BUY_AGGRESSION,-5838459.480299999,0.4248,0.4249,0.4271,0.005648387855966141,0.0018827959519887572,0.005177688867968887,2026-07-04T12:53:18.000967+00:00
18ffb8d5-9730-4f33-bd07-340210d4badf,AAVEUSDT,LONG_BIAS,LONG,2026-07-04T12:41:59.292073+00:00,87.69,107229.05499999998,0.203613706273727,0.8179453721093988,BUY_AGGRESSION,-106646.77800000149,87.68,87.57,87.87,0.0028509522180408258,0.0013684570646596483,0.0020526855969894725,2026-07-04T12:57:01.070927+00:00
f2c65397-1364-4e01-a317-6c7ad310bc14,XRPUSDT,LONG_BIAS,LONG,2026-07-04T12:46:26.884574+00:00,1.1441,306946.9207100003,0.2553277469571946,0.5924698953103849,BUY_AGGRESSION,-4980286.047800026,1.1436,1.1443,1.147,0.003321387990560288,0.0010488593654399685,0.002534743466480312,2026-07-04T13:01:27.788397+00:00
4396d29b-45f9-49ee-9fa3-2f309771fae1,ZECUSDT,SHORT_BIAS,SHORT,2026-07-04T12:47:42.512584+00:00,462.61,-140597.70888999995,-0.9888291911237573,0.4196597273788356,SELL_AGGRESSION,-1116576.3566800805,462.52,462.44,463.35,0.0014915371479215704,0.0022264974816799737,-0.0015996195499448976,2026-07-04T13:02:44.074701+00:00
f55316cc-e19c-4bca-871e-a3e69f756f89,NEARUSDT,LONG_BIAS,LONG,2026-07-04T12:56:46.360445+00:00,1.978,131463.89400000003,0.18238708681116636,0.7556183764359208,BUY_AGGRESSION,-527257.5449999869,1.979,1.977,1.976,0.0020222446916076863,0.0015166835187057086,-0.0010111223458038432,2026-07-04T13:11:47.475291+00:00
230a9eb0-0ed4-4c9a-8ef9-3832a397532f,XRPUSDT,LONG_BIAS,LONG,2026-07-04T12:57:07.751655+00:00,1.1462,266111.9478600002,0.26828102286061895,0.612249161560445,BUY_AGGRESSION,-4421291.700280033,1.1472,1.149,1.1502,0.007241319141511057,0.0,0.0034897923573545464,2026-07-04T13:12:10.003298+00:00
77f7a231-052a-4b8d-ac2f-fbba49037485,LINKUSDT,LONG_BIAS,LONG,2026-07-04T13:00:23.288735+00:00,7.955,110793.82559,0.40071976121011277,0.788290165055474,BUY_AGGRESSION,-764436.2818300097,7.953,7.949,7.955,0.0002514142049025493,0.0032683846637334758,0.0,2026-07-04T13:15:23.492054+00:00
5415983c-5b13-4387-9003-b57a5a255b7f,WLDUSDT,LONG_BIAS,LONG,2026-07-04T13:01:59.684626+00:00,0.427,104805.8695,0.2891600592780343,0.6233490700160457,BUY_AGGRESSION,-5222317.221600001,0.4271,0.4267,0.4288,0.007962529274004718,0.002576112412177962,0.004215456674473123,2026-07-04T13:17:01.261389+00:00
b5813d4f-16c6-4219-a91f-b6f592d03933,DOGEUSDT,SHORT_BIAS,SHORT,2026-07-04T13:08:57.209573+00:00,0.077,-339025.45014000015,-0.1514949608709276,0.1628625220962234,BEARISH_DIVERGENCE,2466882.2896300107,0.07701,0.07696,0.077,0.0009090909090909171,0.005974025974026001,0.0,2026-07-04T13:23:57.248407+00:00
fdb7bbde-8857-4b8f-b144-6da5e0fb22b9,SUIUSDT,LONG_BIAS,LONG,2026-07-04T13:19:03.493631+00:00,0.7614,123741.71328000004,0.35310467864239253,0.7202633135333377,TRADE_BURST,-405889.67723999725,0.7616,0.7611,0.7583,0.004465458366167678,0.0040714473338586705,-0.0040714473338586705,2026-07-04T13:34:04.740342+00:00
d886e848-4696-4990-affd-5a4bbc570a54,TRXUSDT,LONG_BIAS,LONG,2026-07-04T13:21:15.416469+00:00,0.32634,106211.55781000003,0.3139832138255037,0.8976600745509293,BUY_AGGRESSION,1891306.753500013,0.32634,0.32634,0.32621,6.128577557138104e-05,0.0005822148679292256,-0.00039835754121474225,2026-07-04T13:36:16.029267+00:00
19dc6d6b-3554-4a32-88cb-e2c26b639a55,AAVEUSDT,LONG_BIAS,LONG,2026-07-04T13:22:37.451290+00:00,88.38,134765.71300000016,0.21807353489662346,0.716487312432724,BUY_AGGRESSION,72670.6039999985,88.5,88.46,88.33,0.00260239873274501,0.0011314777098890508,-0.0005657388549445254,2026-07-04T13:37:37.705776+00:00
e8c4610d-797b-4728-9340-cba47d4dfbbb,BNBUSDT,SHORT_BIAS,SHORT,2026-07-04T13:25:42.589738+00:00,573.96,-273739.7455,-0.49756382150434564,0.37030906220727616,SELL_AGGRESSION,-143350.0552000052,573.92,572.82,573.36,0.0021778521151299742,1.7422816921023947e-05,0.0010453690152624272,2026-07-04T13:40:43.516078+00:00
0ff80351-403f-4704-b60e-7269857bb8be,WLDUSDT,SHORT_BIAS,SHORT,2026-07-04T13:33:05.543519+00:00,0.4272,-102864.42460000006,-0.23005638198835843,0.37634554132037634,SELL_AGGRESSION,-5009096.355600007,0.4273,0.4268,0.4239,0.011938202247191125,0.0016385767790261666,0.007724719101123654,2026-07-04T13:48:06.482554+00:00
af043b75-e41f-4aeb-977b-7928224a488e,NEARUSDT,SHORT_BIAS,SHORT,2026-07-04T13:37:56.476234+00:00,1.971,-142263.8909999999,-0.15146330100941027,0.3207641831693182,SELL_AGGRESSION,-350333.84299998725,1.971,1.973,1.966,0.0030441400304414027,0.002029426686960935,0.0025367833587012253,2026-07-04T13:52:56.775403+00:00
0545e7e5-5d47-455d-a1e4-9d6fa4f285c7,NEARUSDT,LONG_BIAS,LONG,2026-07-04T14:05:43.859634+00:00,1.977,172208.82100000003,0.16134352497320978,0.800314676689218,BUY_AGGRESSION,-280745.57399998565,1.979,1.976,1.996,0.013657056145675221,0.001011633788568539,0.009610520991401065,2026-07-04T14:20:44.491746+00:00
36231d17-77cc-4744-af52-26be8f68bea7,ZECUSDT,SHORT_BIAS,SHORT,2026-07-04T14:31:42.698164+00:00,464.66,-249252.38422999985,-0.3712947610083389,0.31633599351978225,CONFIRMED_BEARISH_ABSORPTION,1766425.9455399162,464.22,464.73,464.8,0.002130590108896847,0.001979942323419186,-0.0003012955709550776,2026-07-04T14:46:44.377971+00:00
3489078c-f617-4e02-9084-f436ebb954ce,DOGEUSDT,LONG_BIAS,LONG,2026-07-04T14:44:36.884434+00:00,0.07752,100663.99529999992,0.17580015454062747,0.6111717564497557,BUY_AGGRESSION,2568258.3545600222,0.07753,0.07751,0.07772,0.003224974200206401,0.0012899896800825962,0.0025799793601650133,2026-07-04T14:59:37.994272+00:00
44faaa37-47fa-4ffd-8797-fde0e05ea121,AAVEUSDT,LONG_BIAS,LONG,2026-07-04T14:44:37.388363+00:00,88.68,151876.07400000008,0.19227104636721054,0.7380884758518025,BUY_AGGRESSION,-300284.3039999997,88.77,88.7,89.02,0.004172304916553792,0.00045105999097887065,0.0038340099233196796,2026-07-04T14:59:37.994272+00:00
810c5a77-3b0a-4781-ba5f-20cedb24467a,WLDUSDT,SHORT_BIAS,SHORT,2026-07-04T14:48:53.730897+00:00,0.4261,-153027.74479999993,-0.28060563778885916,0.2933114359426973,SELL_AGGRESSION,-5390412.985000016,0.4265,0.4269,0.4294,0.0007040600797933982,0.008918094344050753,-0.007744660877728292,2026-07-04T15:03:54.035892+00:00
44833967-2200-41ca-9a70-3f2b8f5c9250,NEARUSDT,SHORT_BIAS,SHORT,2026-07-04T14:48:59.534405+00:00,2.023,-215157.90499999945,-0.2066310767863045,0.417867193025563,SELL_AGGRESSION,245541.89500001416,2.024,2.022,2.023,0.004448838358873129,0.0019772614928324286,0.0,2026-07-04T15:03:59.823734+00:00
0f38ea54-68ff-4765-9a9d-1d64a4b0f1da,BNBUSDT,SHORT_BIAS,SHORT,2026-07-04T14:50:22.766755+00:00,575.72,-124719.48840000067,-0.6678257678568625,0.39451495817623017,SELL_AGGRESSION,102193.13639999379,575.52,574.68,575.05,0.004585562426179369,6.947821857841245e-05,0.0011637601611895934,2026-07-04T15:05:24.419811+00:00
308b9b7e-f6c3-4ca5-840f-e44ab9b3cda5,LINKUSDT,LONG_BIAS,LONG,2026-07-04T14:55:41.806783+00:00,7.996,106597.53261999998,0.18820500989289984,0.7715767251686838,TRADE_BURST,-932613.4844200071,7.999,8.004,8.064,0.011130565282641372,0.00037518759379691265,0.008504252126062983,2026-07-04T15:10:43.834143+00:00
41718b51-33fc-415f-99ab-e42e363bbdd3,AAVEUSDT,LONG_BIAS,LONG,2026-07-04T15:01:40.581797+00:00,89.29,232048.1400000003,0.39649769563147375,0.6709915332095484,TRADE_BURST,-380883.2280000019,89.37,89.27,89.77,0.005935715085675741,0.00212789786090281,0.005375741964385595,2026-07-04T15:16:41.046850+00:00
b1b9c7ee-de00-44a0-86ad-40dee54f1ccc,BCHUSDT,SHORT_BIAS,SHORT,2026-07-04T15:03:10.529570+00:00,230.48,-150828.63440000027,-0.6535126715351485,0.36268074882644713,BEARISH_DIVERGENCE,495505.3394900011,230.38,230.32,230.64,0.0023429364803887196,0.009415133634154877,-0.0006942034015966531,2026-07-04T15:18:11.548260+00:00
f79d4dfb-a0f5-4086-97d8-91ec54927cd0,LTCUSDT,SHORT_BIAS,SHORT,2026-07-04T15:18:30.677490+00:00,44.95,-125149.87710000006,-0.16335321984214826,0.2750568782228098,TRADE_BURST,308406.6041499965,45.0,44.98,45.08,0.0002224694104561761,0.004226918798665133,-0.0028921023359287086,2026-07-04T15:33:31.840287+00:00
54e0a7a8-ac3f-42b3-9423-f56e64554657,AAVEUSDT,SHORT_BIAS,SHORT,2026-07-04T15:21:14.864540+00:00,89.52,-177211.26100000017,-0.1632626473260802,0.35903208255352137,SELL_AGGRESSION,-608625.567000002,89.54,89.28,89.41,0.004691689008042915,0.001228775692582657,0.001228775692582657,2026-07-04T15:36:15.073863+00:00
dc55e2d7-d5dc-49f4-8ac0-b64c2130830f,TRXUSDT,LONG_BIAS,LONG,2026-07-04T15:24:25.699678+00:00,0.32581,169629.42786999975,0.28435591665552973,0.9209819164322413,BUY_AGGRESSION,1891441.123580011,0.32568,0.3258,0.32558,0.00039900555538509866,0.0007980111107700269,-0.0007059329056812498,2026-07-04T15:39:26.463844+00:00
d0fc22b7-f4ff-42a2-acfe-f8fbf6575a8b,LINKUSDT,SHORT_BIAS,SHORT,2026-07-04T15:27:02.082616+00:00,8.059,-107764.18975000017,-0.15423371163279567,0.3816011260514949,SELL_AGGRESSION,-1241876.1390300046,8.044,8.055,8.062,0.001985357984861647,0.0024816974810772247,-0.00037225462216157267,2026-07-04T15:42:02.941341+00:00
0b519193-c623-4415-85b0-71c6243d294e,AAVEUSDT,SHORT_BIAS,SHORT,2026-07-04T15:27:11.512360+00:00,89.14,-217280.32500000016,-0.4185803074492201,0.2996754734616728,SELL_AGGRESSION,-819169.0320000023,89.16,89.25,89.26,0.00044873233116453056,0.005160421808391225,-0.0013461969934934323,2026-07-04T15:42:13.401592+00:00
a324b414-7867-43f3-96b9-6cf84d814d53,HBARUSDT,LONG_BIAS,LONG,2026-07-04T15:32:27.456131+00:00,0.07456,158210.6747600002,0.5284546698167749,0.8289293073838411,BUY_AGGRESSION,553730.240109998,0.07459,0.07458,0.07472,0.0026824034334762856,0.0009388412017167464,0.0021459227467810283,2026-07-04T15:47:28.103594+00:00
6ae2725f-ace5-4ba3-bb0a-4850d1316dcb,SUIUSDT,LONG_BIAS,LONG,2026-07-04T15:33:24.772279+00:00,0.7698,203937.98444999964,0.17527514428449667,0.6473826309882267,BUY_AGGRESSION,545322.9046100031,0.7702,0.7694,0.774,0.007664328396986107,0.0009093270979475629,0.005455962587685089,2026-07-04T15:48:26.551361+00:00
51e27771-b501-438c-945f-baaf4102ec13,BCHUSDT,SHORT_BIAS,SHORT,2026-07-04T15:34:26.810195+00:00,231.76,-122872.33389000013,-0.48881487920570066,0.312161334356373,SELL_AGGRESSION,685112.1593400006,231.56,231.08,231.4,0.005350362443907407,0.0005609250949257657,0.001553331032102111,2026-07-04T15:49:27.930269+00:00
9409615f-bc3c-4030-9622-da987861ab32,ZECUSDT,LONG_BIAS,LONG,2026-07-04T15:35:39.698377+00:00,467.33,322822.51466999843,0.984897786828793,0.591650265865643,BUY_AGGRESSION,4776982.639139877,466.41,466.23,466.49,0.000235379710269004,0.004536408961547524,-0.0017974450602357543,2026-07-04T15:50:41.480495+00:00
8c98707d-5ea7-48e3-b6e3-52a92b7d223b,WLDUSDT,SHORT_BIAS,SHORT,2026-07-04T15:36:10.606355+00:00,0.4342,-166778.5169000001,-0.226400334497267,0.4061495293549889,SELL_AGGRESSION,-5164725.590500011,0.4339,0.4348,0.4363,0.002533394748963588,0.00713956701980665,-0.004836480884385183,2026-07-04T15:51:12.195354+00:00
cbcf48e0-03fd-409e-8dae-8830df53edcb,XRPUSDT,SHORT_BIAS,SHORT,2026-07-04T15:38:41.711638+00:00,1.1702,-407977.8711799984,-0.15567107957300597,0.40388453227993915,BEARISH_DIVERGENCE,-8763573.35044011,1.1722,1.1714,1.1702,0.0008545547769611092,0.004016407451717783,0.0,2026-07-04T15:53:42.629434+00:00
73fa18f1-e9a0-47d4-bb37-b960120a521a,NEARUSDT,SHORT_BIAS,SHORT,2026-07-04T15:48:05.134405+00:00,2.041,-116244.02199999994,-0.1571587116754896,0.32356319169821296,SELL_AGGRESSION,17990.666000013658,2.04,2.033,2.037,0.0063694267515923084,0.0,0.001959823615874573,2026-07-04T16:03:05.472797+00:00
97aa59c2-715b-4142-b75f-fe3c9f35e6fb,BNBUSDT,LONG_BIAS,LONG,2026-07-04T15:48:30.017569+00:00,577.79,271959.48250000074,0.735398268087787,0.6190641080057087,BUY_AGGRESSION,-2760422.9305999875,577.89,577.35,577.79,0.000917288288132516,0.0028037868429706377,0.0,2026-07-04T16:03:30.154045+00:00
5756eb0d-5a68-4021-bdce-588d3808369a,SUIUSDT,SHORT_BIAS,SHORT,2026-07-04T15:50:16.583384+00:00,0.7727,-205785.89504000015,-0.3625650240181645,0.3883728160393457,SELL_AGGRESSION,579612.9358200026,0.7719,0.7723,0.7725,0.0031059919761874835,0.0009059143263878903,0.00025883266468239806,2026-07-04T16:05:17.473575+00:00
c91a6ea4-2c25-4368-992c-efe5a0ebfff7,WLDUSDT,SHORT_BIAS,SHORT,2026-07-04T15:55:35.886071+00:00,0.4356,-181375.56030000016,-0.17478543048158457,0.3191146104895046,BEARISH_DIVERGENCE,-5011541.700999999,0.4365,0.4355,0.4344,0.0032139577594123333,0.0041322314049587324,0.00275482093663907,2026-07-04T16:10:36.319337+00:00
16bb6238-edfe-4e20-8c2e-80f2d8020487,BNBUSDT,SHORT_BIAS,SHORT,2026-07-04T16:00:28.907138+00:00,576.72,-257563.61800000037,-0.5226113809954778,0.36272295630121526,SELL_AGGRESSION,-3374246.735199991,576.17,576.68,576.72,0.0018033014287697276,0.0009189901511998417,0.0,2026-07-04T16:15:29.230451+00:00
4041bf64-3442-49b1-a0d1-6c1dc0b3d301,BNBUSDT,SHORT_BIAS,SHORT,2026-07-04T16:05:28.939747+00:00,576.68,-331238.2461000001,-0.5458002583470303,0.357400846833111,SELL_AGGRESSION,-3705484.9812999857,576.34,576.02,575.78,0.002514392730803794,0.00022542831379620493,0.0015606575570506647,2026-07-04T16:20:30.236126+00:00
38977d9d-6d29-4030-922d-2c4566e3b75c,AAVEUSDT,LONG_BIAS,LONG,2026-07-04T16:06:39.238344+00:00,89.8,121341.98800000024,0.23124445147427872,0.6280663628808659,BUY_AGGRESSION,-764596.0480000072,89.7,89.39,89.19,0.0004454342984410496,0.009465478841870762,-0.006792873051224938,2026-07-04T16:21:39.986213+00:00
865ee1bb-b879-41ea-a337-cf20d12d5bba,LINKUSDT,SHORT_BIAS,SHORT,2026-07-04T16:07:51.313903+00:00,8.072,-193827.87838999997,-0.1725853313892534,0.37977363159146227,SELL_AGGRESSION,-1595848.4520900035,8.062,8.063,8.081,0.0022299306243804395,0.0014866204162537731,-0.0011149653121903297,2026-07-04T16:22:52.242221+00:00
aed91c6a-2fd8-44d0-9449-4bd1d2d1d0f6,SUIUSDT,SHORT_BIAS,SHORT,2026-07-04T16:09:36.119802+00:00,0.7697,-146029.21662000022,-0.297935836210547,0.34851679523655765,SELL_AGGRESSION,467379.3379900026,0.7695,0.7687,0.7695,0.002728335715213852,0.002338573470183075,0.00025984149668713654,2026-07-04T16:24:36.617775+00:00
65484a37-ce91-439c-acd6-f73ba7cf369f,NEARUSDT,SHORT_BIAS,SHORT,2026-07-04T16:11:24.353600+00:00,2.019,-296920.6760000001,-0.2199121476379811,0.38280399020196854,TRADE_BURST,-475026.8859999861,2.022,2.021,2.022,0.0014858841010401752,0.006438831104507132,-0.001485884101039955,2026-07-04T16:26:25.894220+00:00
12e70bbe-7b56-4d7d-8c6a-e8fa7cd35949,BCHUSDT,SHORT_BIAS,SHORT,2026-07-04T16:12:48.135315+00:00,230.72,-104223.63628999976,-0.5967724466888507,0.31244856578449015,SELL_AGGRESSION,580047.7397299994,230.83,231.16,232.74,0.00039008321775313545,0.008755201109570086,-0.008755201109570086,2026-07-04T16:27:48.997424+00:00
daf1a591-4cc8-4157-87eb-1f31eff060b4,BNBUSDT,SHORT_BIAS,SHORT,2026-07-04T16:17:21.561158+00:00,575.38,-378298.9666999992,-0.3627600020614203,0.31504070407898777,TRADE_BURST,-4030637.360999987,575.47,576.09,576.31,0.00020855782265633937,0.0017032222183600719,-0.001616323125586482,2026-07-04T16:32:23.192404+00:00
e77e85a4-ea50-4208-a6fd-7eb1307fa83c,NEARUSDT,SHORT_BIAS,SHORT,2026-07-04T16:17:24.239777+00:00,2.022,-107258.60100000002,-0.16111341099492157,0.37804119353751253,SELL_AGGRESSION,-544654.5059999861,2.025,2.031,2.018,0.0019782393669634047,0.004945598417408621,0.0019782393669634047,2026-07-04T16:32:25.240652+00:00
3f6d27f5-c4a4-48f3-9080-e6776b5a23db,WLDUSDT,LONG_BIAS,LONG,2026-07-04T16:20:44.452679+00:00,0.4379,113136.38640000043,0.22515534943832943,0.5831690348393591,BUY_AGGRESSION,-5304610.19950003,0.4385,0.4391,0.4372,0.004567252797442342,0.0036538022379538487,-0.001598538479104896,2026-07-04T16:35:46.414138+00:00
f6eae119-7c23-449f-be78-2f8ffd0165cb,NEARUSDT,SHORT_BIAS,SHORT,2026-07-04T16:25:47.625404+00:00,2.022,-139802.68199999977,-0.1859156030464957,0.3939668771681596,SELL_AGGRESSION,-630081.6209999857,2.021,2.021,2.017,0.004451038575667606,0.0029673590504452167,0.0024727992087042005,2026-07-04T16:40:48.978978+00:00
c21b4c57-9c94-47b5-8915-92da25013f90,ZECUSDT,LONG_BIAS,LONG,2026-07-04T16:34:24.192950+00:00,464.47,302115.55593000184,0.6503097952747274,0.6671880399344153,BULLISH_DIVERGENCE,1619563.1894298706,464.16,464.39,466.03,0.00335866686761243,0.0018085129287145171,0.00335866686761243,2026-07-04T16:49:25.065251+00:00
9958a4b3-b653-42b8-8a4a-6603a3d2077e,BCHUSDT,LONG_BIAS,LONG,2026-07-04T16:40:09.675403+00:00,233.11,212448.31278999973,0.39323208999787557,0.7210809373476554,BUY_AGGRESSION,900671.1232899987,233.25,232.82,231.74,0.0008150658487409279,0.005877053751447834,-0.005877053751447834,2026-07-04T16:55:11.605906+00:00
dc5c5b8b-e7cb-4808-acb6-7d4614859272,TRXUSDT,LONG_BIAS,LONG,2026-07-04T16:40:27.991416+00:00,0.32593,104627.08947999991,0.6125134509858652,0.8316004039781258,BUY_AGGRESSION,2116630.1603000183,0.32595,0.32594,0.32593,0.0003988586506305617,0.00027613291197489947,0.0,2026-07-04T16:55:30.300749+00:00
8b3c3a5b-ae52-49d2-9e6a-3ade5aa42ce6,SUIUSDT,SHORT_BIAS,SHORT,2026-07-04T16:42:00.910150+00:00,0.7678,-102830.68940000008,-0.2231806583145393,0.3245651563814906,SELL_AGGRESSION,-316518.6142599978,0.7682,0.7686,0.7678,0.0013024225058609023,0.0026048450117218047,0.0,2026-07-04T16:57:01.151333+00:00
d3fd608f-8934-4fc0-bd52-a26d78b138cc,NEARUSDT,SHORT_BIAS,SHORT,2026-07-04T16:42:08.873908+00:00,2.016,-155729.41100000014,-0.1935857074110086,0.28560298985849697,SELL_AGGRESSION,-873637.8179999851,2.016,2.017,2.018,0.000992063492063603,0.004464285714285663,-0.0009920634920633827,2026-07-04T16:57:09.951173+00:00
b5abb032-5333-4b58-af15-7a950dc2e374,ZECUSDT,LONG_BIAS,LONG,2026-07-04T16:42:58.749518+00:00,464.4,227199.0060299993,0.2055453394739519,0.6175940740823498,BUY_AGGRESSION,1927680.9477398717,465.0,465.19,464.49,0.0036391042204995646,0.0006675279931093933,0.00019379844961247165,2026-07-04T16:57:59.193674+00:00
b335ac73-97d0-4162-82b1-819d09b05370,BNBUSDT,LONG_BIAS,LONG,2026-07-04T16:49:01.875155+00:00,576.51,156876.79329999996,0.9580212782618109,0.67748314850455,BUY_AGGRESSION,-3580721.5040999874,576.7,576.48,576.51,0.0006244471041265783,0.002948777991708809,0.0,2026-07-04T17:04:02.338272+00:00
aa2e0e0f-8928-4a60-9827-eb76e0c819a4,BCHUSDT,SHORT_BIAS,SHORT,2026-07-04T16:50:23.000593+00:00,231.84,-104428.82532000002,-0.31024056917294274,0.28071333007952065,SELL_AGGRESSION,781221.6274199999,232.22,231.66,231.84,0.0035369220151828555,0.0037094547964112543,0.0,2026-07-04T17:05:23.358790+00:00
18c1e78a-fd88-4940-b3ff-525171c7e660,DOGEUSDT,SHORT_BIAS,SHORT,2026-07-04T16:56:00.267612+00:00,0.07846,-181382.9789700001,-0.26082697547393807,0.37444000677309897,SELL_AGGRESSION,804701.6617400142,0.07843,0.07834,0.07834,0.0053530461381596185,0.0002549069589598808,0.0015294417537598153,2026-07-04T17:11:01.815105+00:00
ce47d052-b516-4f4a-a811-781d30ac9836,LINKUSDT,SHORT_BIAS,SHORT,2026-07-04T16:57:27.563033+00:00,8.079,-138360.48751999997,-0.15393779348071526,0.199691938390787,SELL_AGGRESSION,-1650149.4709099974,8.084,8.057,8.079,0.0033419977720016117,0.0006188884762964482,0.0,2026-07-04T17:12:27.672562+00:00
42f9288b-1aee-4209-b38d-74dabcadc0aa,ZECUSDT,SHORT_BIAS,SHORT,2026-07-04T16:59:14.168401+00:00,464.07,-225541.46024999942,-0.7452530732875488,0.3632956494819344,SELL_AGGRESSION,1643752.2185198683,463.69,462.03,464.54,0.005581054582282792,0.0025858167948800584,-0.0010127782446614246,2026-07-04T17:14:16.762222+00:00
67e48ff4-e565-4920-93ae-d97109437af6,BNBUSDT,SHORT_BIAS,SHORT,2026-07-04T16:59:39.747989+00:00,576.18,-122492.46329999994,-0.7748494413752052,0.2857418869057273,SELL_AGGRESSION,-3860513.095099996,575.71,575.77,576.18,0.002377729181852901,0.000572737686139819,0.0,2026-07-04T17:14:40.631233+00:00
28f195ac-6dd2-4878-86ad-48405425a002,BNBUSDT,SHORT_BIAS,SHORT,2026-07-04T17:05:05.444685+00:00,575.78,-273784.7166999999,-0.4922950136682376,0.3672778039348229,SELL_AGGRESSION,-4152037.6909999927,575.54,576.23,575.78,0.00041682587099240874,0.0014415228038487634,0.0,2026-07-04T17:20:06.080254+00:00
9b817fb1-3f39-4de4-8836-b847d0589222,LINKUSDT,LONG_BIAS,LONG,2026-07-04T17:08:45.431684+00:00,8.076,127506.32900999999,0.15909380075696117,0.7973520504571201,BUY_AGGRESSION,-1692269.9716599986,8.08,8.065,8.093,0.002228826151560043,0.001733531451213611,0.002105002476473435,2026-07-04T17:23:47.048507+00:00
4ad20d0f-fe17-4f8b-8795-3c51da07987c,AVAXUSDT,LONG_BIAS,LONG,2026-07-04T17:10:01.647032+00:00,6.994,287477.89299999987,0.3031768428292095,0.812305833902047,BUY_AGGRESSION,544841.7589999969,6.99,6.989,6.997,0.0021446954532457203,0.0014297969688303956,0.0004289390906491441,2026-07-04T17:25:02.840214+00:00
40665bf4-b392-43c3-9d00-cbb386090672,AAVEUSDT,LONG_BIAS,LONG,2026-07-04T17:19:01.929516+00:00,89.16,114548.43800000008,0.399661782060317,0.7626076234819893,BUY_AGGRESSION,-1210687.5060000047,89.23,89.15,89.49,0.004486316733961482,0.001345895020188317,0.0037012113055181505,2026-07-04T17:34:02.511260+00:00
c58d6977-58e4-4bc6-89b9-e9c7ec051cf6,XRPUSDT,SHORT_BIAS,SHORT,2026-07-04T17:24:03.864218+00:00,1.1702,-213020.68894999975,-0.3895643215580827,0.4167183412863937,SELL_AGGRESSION,-13648857.302030103,1.1696,1.1718,1.1753,0.001025465732353331,0.005469150572551857,-0.004358229362502226,2026-07-04T17:39:05.413737+00:00
a3088ac3-d008-43a0-ac68-45a5af7ef489,DOGEUSDT,SHORT_BIAS,SHORT,2026-07-04T17:24:46.324075+00:00,0.07833,-332037.40958,-0.1655983797463721,0.22487477815641102,SELL_AGGRESSION,531360.3117400142,0.07835,0.07845,0.07833,0.0003829950210647549,0.005106600280862985,0.0,2026-07-04T17:39:47.079941+00:00
4b6af5c5-6c2d-402f-a6e2-fb2f2703e0a8,WLDUSDT,SHORT_BIAS,SHORT,2026-07-04T17:24:56.398442+00:00,0.4356,-151848.4181,-0.24675691575447872,0.29388301532193634,SELL_AGGRESSION,-5913013.854800044,0.436,0.4368,0.439,0.001147842056932967,0.011707988980716238,-0.0078053259871442016,2026-07-04T17:39:58.539353+00:00
77dd9336-1290-4195-a53e-3857c4b0db10,ZECUSDT,LONG_BIAS,LONG,2026-07-04T17:29:33.518720+00:00,465.95,111864.50899999979,0.1786475028103823,0.5832295471564852,BUY_AGGRESSION,1895757.3000098707,466.57,467.12,467.43,0.005858997746539367,0.00015023071144971173,0.0031763064706513966,2026-07-04T17:44:35.428468+00:00
30127e2f-d602-4660-90ea-a9358e90231e,SUIUSDT,LONG_BIAS,LONG,2026-07-04T17:30:06.712026+00:00,0.7727,129871.30515000009,0.2873720605467143,0.6415324613091112,TRADE_BURST,-419242.4902299989,0.7732,0.7764,0.7773,0.00621198395237468,0.00025883266468239806,0.005953151287692426,2026-07-04T17:45:07.297253+00:00
e1848c06-e1e7-4010-9b6f-bdadd655438f,LTCUSDT,LONG_BIAS,LONG,2026-07-04T17:33:10.679080+00:00,45.62,171517.46677999996,0.30331973685753866,0.6121914490648273,BUY_AGGRESSION,266854.5309399966,45.58,45.61,45.49,0.001534414730381418,0.003945637878123624,-0.002849627356422522,2026-07-04T17:48:12.782383+00:00
a6a4ab43-719f-4f6e-bf7d-a0193cfb4b9d,ZECUSDT,SHORT_BIAS,SHORT,2026-07-04T17:44:24.397975+00:00,467.33,-292798.77414999966,-0.7352100942830851,0.32671190934077615,BEARISH_DIVERGENCE,2883505.5140998675,468.15,467.86,468.92,0.0006205465088908558,0.005435131491665463,-0.003402306721160704,2026-07-04T17:59:26.492843+00:00
41c17cf8-477b-48cb-86f0-dd05688384e9,SUIUSDT,LONG_BIAS,LONG,2026-07-04T17:49:11.967246+00:00,0.7777,185872.62110000174,0.17181118546291524,0.6012570764508208,TRADE_BURST,-109983.06270999943,0.7785,0.7801,0.7777,0.006300630063006321,0.0011572585830010298,0.0,2026-07-04T18:04:12.578671+00:00
8ed3de7c-c7fe-42e7-8a12-1c62684cbc9e,AVAXUSDT,LONG_BIAS,LONG,2026-07-04T17:49:23.501862+00:00,7.054,243086.32099999994,0.21547907120655568,0.7500389721707009,BUY_AGGRESSION,1043181.2769999958,7.065,7.099,7.071,0.008222285228239272,0.00042529061525377283,0.002409980153104545,2026-07-04T18:04:25.078331+00:00
4be5de89-c773-4c90-a8e2-6edef03a386a,WLDUSDT,LONG_BIAS,LONG,2026-07-04T17:53:08.413521+00:00,0.4402,100803.44459999996,0.19854636833253497,0.5949145686344651,TRADE_BURST,-5707178.037100058,0.4396,0.4387,0.438,0.00022716946842354498,0.007723761926396998,-0.00499772830531572,2026-07-04T18:08:10.422226+00:00
ca2176f6-eb84-4703-8d1b-f5ef2d490c65,HBARUSDT,LONG_BIAS,LONG,2026-07-04T17:57:09.309710+00:00,0.07524,103776.46897999989,0.3487152515199554,0.8070334138477285,BUY_AGGRESSION,477708.69257999846,0.07512,0.07506,0.07541,0.002259436469962832,0.003721424774056386,0.002259436469962832,2026-07-04T18:12:09.952047+00:00
5950c1ab-a6be-4e66-a081-6821d43b1777,WLDUSDT,SHORT_BIAS,SHORT,2026-07-04T17:58:17.466003+00:00,0.4385,-204497.33999999997,-0.1725233885064208,0.2622793609211625,SELL_AGGRESSION,-5917196.628100054,0.4393,0.4374,0.4385,0.006157354618015918,0.0020524515393386816,0.0,2026-07-04T18:13:17.589879+00:00
9017ae6a-1548-44e7-9b59-69f80ab4c39e,NEARUSDT,SHORT_BIAS,SHORT,2026-07-04T18:01:57.535008+00:00,2.026,-203810.65999999992,-0.1801140172258816,0.30037893188224085,SELL_AGGRESSION,-858649.7079999805,2.024,2.028,2.024,0.0019743336623889458,0.0039486673247778915,0.0009871668311943632,2026-07-04T18:16:59.585488+00:00
3388a4ac-5d34-4b95-8a4b-c274bdf81080,ZECUSDT,SHORT_BIAS,SHORT,2026-07-04T18:02:43.306736+00:00,468.35,-216133.2106399992,-0.6951845795886451,0.38212503339354037,BEARISH_DIVERGENCE,3309711.6340698716,467.84,467.95,469.26,0.00273299882566463,0.002412725525781991,-0.0019429913526208351,2026-07-04T18:17:44.307065+00:00
c5efcfe8-8e5f-4d62-b1ce-e219665feeb1,TRXUSDT,LONG_BIAS,LONG,2026-07-04T18:04:01.167076+00:00,0.32591,121654.13712000014,0.8588384617939967,0.8772021441075145,BUY_AGGRESSION,2394852.105390009,0.32589,0.32587,0.32597,0.0004909330796847259,0.00018409990488172962,0.00018409990488172962,2026-07-04T18:19:02.499920+00:00
f84efff8-373e-4719-a94f-3603e48a0ad3,WLDUSDT,SHORT_BIAS,SHORT,2026-07-04T18:11:50.835681+00:00,0.4373,-255218.81729999962,-0.21088075449115312,0.276193397244266,SELL_AGGRESSION,-6372039.074900062,0.4368,0.4354,0.4349,0.008461010747770493,0.0004573519323118636,0.005488223187742998,2026-07-04T18:26:52.361676+00:00
b14c3e4c-8d33-46a0-824a-60350040524e,ZECUSDT,SHORT_BIAS,SHORT,2026-07-04T18:19:02.499279+00:00,468.19,-198537.45551999926,-0.9496055891719223,0.4067944322875094,BEARISH_DIVERGENCE,3375774.679379861,468.45,466.6,467.66,0.0052756359597598635,0.0011747367521732872,0.001132019052094177,2026-07-04T18:34:04.298383+00:00
ecac6994-398d-4eb7-8cf3-3acbe1106ca4,SUIUSDT,SHORT_BIAS,SHORT,2026-07-04T18:22:54.048610+00:00,0.7776,-116959.83618999991,-0.23456624289420377,0.3730329836633424,BEARISH_DIVERGENCE,-432766.5935699993,0.7777,0.7769,0.7755,0.0038580246913580284,0.0009002057613169161,0.0027006172839506054,2026-07-04T18:37:54.804309+00:00
f9a1a8a3-73be-4c7b-a076-e351e997a3f6,NEARUSDT,SHORT_BIAS,SHORT,2026-07-04T18:24:17.770576+00:00,2.015,-393599.07099999994,-0.21649376144333632,0.26889266605437867,SELL_AGGRESSION,-1220224.1959999818,2.01,2.007,2.003,0.009429280397022396,0.0,0.005955334987593057,2026-07-04T18:39:19.350850+00:00
02fe6c3b-f6cd-42de-ae0d-f94a2a0d0232,DOGEUSDT,SHORT_BIAS,SHORT,2026-07-04T18:24:29.259345+00:00,0.07896,-299687.88863000006,-0.21111183881644674,0.29816782872964653,SELL_AGGRESSION,4945.84207001716,0.07898,0.07895,0.07917,0.0011398176291794167,0.004052684903748744,-0.0026595744680851297,2026-07-04T18:39:30.599516+00:00
322e0689-23d6-413e-8b3f-b607840d8fd2,UNIUSDT,SHORT_BIAS,SHORT,2026-07-04T18:24:41.800550+00:00,3.232,-126420.23999999993,-0.1612534840511434,0.24882341018275994,SELL_AGGRESSION,-642524.1579999957,3.238,3.235,3.231,0.00030940594059416273,0.0021658415841583145,0.00030940594059416273,2026-07-04T18:39:43.281291+00:00
c74a3c8d-5b14-4519-8ed3-b8a848df05f6,ZECUSDT,LONG_BIAS,LONG,2026-07-04T18:36:48.346014+00:00,468.17,241258.94968999983,0.34571306218111797,0.675695938427607,BUY_AGGRESSION,2454601.2175898496,468.4,468.1,469.84,0.0036952389089432497,0.001302945511245944,0.0035670803340665976,2026-07-04T18:51:49.190989+00:00
7e99b852-f887-4602-87cb-21e5ef8e825d,AVAXUSDT,LONG_BIAS,LONG,2026-07-04T18:37:21.247064+00:00,7.046,171779.5259999998,0.24932840332679115,0.8497391498229481,BUY_AGGRESSION,604756.8679999918,7.044,7.043,7.048,0.0007096224808401778,0.0025546409310247915,0.0002838489923360459,2026-07-04T18:52:22.479841+00:00
5908258a-8ba8-47e8-8cf6-9ebc79c21c66,ZECUSDT,SHORT_BIAS,SHORT,2026-07-04T18:41:57.508379+00:00,468.06,-226806.1043599995,-0.5981422312057222,0.31053735278920386,SELL_AGGRESSION,2231792.44565985,467.63,468.97,470.83,0.0010682391146434218,0.00698628380976794,-0.005918044695124518,2026-07-04T18:56:59.549340+00:00
e4a046f1-9818-45b3-ad77-020dc4b80a87,BNBUSDT,LONG_BIAS,LONG,2026-07-04T18:43:00.014577+00:00,577.37,100393.94010000004,0.4624160973473972,0.6320556246308815,BUY_AGGRESSION,-4071124.7281000023,577.29,577.26,577.37,6.92796646863599e-05,0.0009872352217816132,0.0,2026-07-04T18:58:00.751892+00:00
59a95ae5-eb46-4585-83c7-f3b26038ec6b,WLDUSDT,LONG_BIAS,LONG,2026-07-04T18:44:21.485862+00:00,0.4354,179253.4895,0.2557081911346215,0.8009655006263807,BUY_AGGRESSION,-6604307.307100054,0.4353,0.4357,0.437,0.00505282498851626,0.0006890215893431843,0.0036747818098300192,2026-07-04T18:59:23.184854+00:00
ce64fbe0-eb5a-4775-b9e9-9402d42acda5,ZECUSDT,LONG_BIAS,LONG,2026-07-04T18:47:59.757011+00:00,469.48,148415.4479799994,0.3573930296974289,0.6260765175823925,BUY_AGGRESSION,2338208.7012698483,469.04,470.55,470.49,0.003940529948027532,0.001341910198517499,0.0021513163500042408,2026-07-04T19:03:00.371188+00:00
356f65ca-f650-4bec-8c45-e4648043f7f7,AAVEUSDT,LONG_BIAS,LONG,2026-07-04T18:55:24.341234+00:00,89.77,211943.73799999987,0.4321202257769531,0.9292454620842103,BUY_AGGRESSION,-749568.7040000003,89.82,89.94,89.83,0.004233039991088445,0.0,0.0006683747354350259,2026-07-04T19:10:26.047611+00:00
270440e5-0cde-4f41-a8e2-9d1147906517,SUIUSDT,LONG_BIAS,LONG,2026-07-04T19:02:07.979694+00:00,0.7776,111025.61621000005,0.2066185329675495,0.6834199269595088,BUY_AGGRESSION,-485271.2096699969,0.7776,0.7754,0.7724,0.00025720164609064944,0.00823045267489707,-0.006687242798353887,2026-07-04T19:17:09.819969+00:00
8746ac14-4808-4428-88f2-6984d4733f7a,DOGEUSDT,SHORT_BIAS,SHORT,2026-07-04T19:07:05.153631+00:00,0.07905,-365161.9028100001,-0.2064788482350073,0.28173310096583737,BEARISH_DIVERGENCE,-746172.6495999844,0.07904,0.07898,0.07882,0.006072106261859511,0.0,0.0029095509171409755,2026-07-04T19:22:07.347945+00:00
e5c318f4-1a4a-41ab-80c8-95aa36580784,BNBUSDT,SHORT_BIAS,SHORT,2026-07-04T19:08:34.000492+00:00,577.0,-309659.88729999954,-0.28276726077816344,0.2917561379388582,SELL_AGGRESSION,-4432453.338799983,576.84,576.11,577.0,0.0017331022530329288,0.00013864818024270523,0.0,2026-07-04T19:23:35.021000+00:00
b17e01bd-af94-468d-9b62-796f752d6080,BNBUSDT,SHORT_BIAS,SHORT,2026-07-04T19:13:47.777159+00:00,576.33,-489931.7037000001,-0.39250748562553756,0.2050851487317311,TRADE_BURST,-4913147.04619997,576.2,576.24,576.81,0.0005725886211025643,0.0008328561761489155,-0.0008328561761489155,2026-07-04T19:28:50.138029+00:00
db977fad-1a13-4789-b0b2-e6d9529f695b,AAVEUSDT,SHORT_BIAS,SHORT,2026-07-04T19:15:15.748685+00:00,89.56,-128522.20800000009,-0.3506335917098417,0.15198739780608947,SELL_AGGRESSION,-931072.9500000017,89.59,89.82,89.8,0.0004466279589102976,0.00491290754801248,-0.0026797677534613094,2026-07-04T19:30:15.976786+00:00
2aba9985-f14c-4653-ab7a-b87894b69c03,BNBUSDT,SHORT_BIAS,SHORT,2026-07-04T19:20:10.951467+00:00,576.31,-310471.545799998,-0.27058245786586,0.355696868240035,SELL_AGGRESSION,-5301713.48169998,576.29,576.6,576.59,0.000364387222154609,0.0010931616664644189,-0.00048584962953980744,2026-07-04T19:35:13.038628+00:00
4c7d696c-0168-4691-8472-70776a9c80b3,XRPUSDT,LONG_BIAS,LONG,2026-07-04T19:21:41.354407+00:00,1.1714,272087.2823899993,0.41198545791569025,0.6364590690888172,BUY_AGGRESSION,-13742987.885080285,1.1733,1.1715,1.1714,0.001707358716066247,0.002902509817312677,0.0,2026-07-04T19:36:41.691571+00:00
a097cbda-39e4-4d9a-8b05-35f4924a2ea2,WLDUSDT,LONG_BIAS,LONG,2026-07-04T19:24:05.964520+00:00,0.4335,111368.45550000008,0.26416704413657044,0.7017508461666856,BUY_AGGRESSION,-6967395.8779000705,0.4333,0.4333,0.4335,0.0006920415224914013,0.0032295271049596593,0.0,2026-07-04T19:39:06.319552+00:00
ffb9065f-68ef-453a-99cd-51ee2e317df5,BNBUSDT,SHORT_BIAS,SHORT,2026-07-04T19:28:44.463570+00:00,576.8,-163837.10889999985,-0.6118111482958085,0.3558197772346437,SELL_AGGRESSION,-5445584.305599992,576.67,576.51,576.6,0.0014389736477113857,0.0002427184466021152,0.0003467406380026557,2026-07-04T19:43:47.033548+00:00
035570b0-618e-4f48-8117-ba551bc57457,DOGEUSDT,LONG_BIAS,LONG,2026-07-04T19:35:51.877008+00:00,0.0787,275021.03751000005,0.5957223491069585,0.6802246116342199,BUY_AGGRESSION,-1113607.6900499817,0.07867,0.07864,0.0787,0.001524777636594601,0.0020330368487929775,0.0,2026-07-04T19:50:52.162557+00:00
928b177f-5b3f-4df7-887f-ccb216912d06,BNBUSDT,SHORT_BIAS,SHORT,2026-07-04T19:39:09.878856+00:00,576.07,-175037.03569999977,-0.2126084504847868,0.3710743162792833,SELL_AGGRESSION,-5647190.604900019,575.99,576.65,576.07,0.00017359001510237077,0.001180412102695766,0.0,2026-07-04T19:54:10.197765+00:00
29c01030-64b5-4965-a31c-289013d621b7,WLDUSDT,LONG_BIAS,LONG,2026-07-04T19:45:35.605386+00:00,0.4342,212361.91740000018,0.17263385078532129,0.7612753593621387,BUY_AGGRESSION,-6751032.354600057,0.4336,0.4326,0.4296,0.00023030861354224897,0.013818516812528674,-0.010594196222938723,2026-07-04T20:00:36.439112+00:00
4341a90e-d25c-4acf-9869-7f24652fd8bb,SUIUSDT,LONG_BIAS,LONG,2026-07-04T20:03:12.413584+00:00,0.7717,135608.18819999983,0.30359588038168545,0.6503482791588826,BUY_AGGRESSION,-588962.6052199957,0.7714,0.7713,0.7717,0.0001295840352468433,0.002591680704937154,0.0,2026-07-04T20:18:12.559905+00:00
5e517e25-38b1-42be-a50c-bb412152184d,ZECUSDT,LONG_BIAS,LONG,2026-07-04T20:09:09.903826+00:00,468.6,137146.4560200001,0.5529481748732265,0.591581666485453,BUY_AGGRESSION,2327067.0311898533,468.06,468.44,468.6,0.000960307298335443,0.006807511737089197,0.0,2026-07-04T20:24:09.990797+00:00
4d3246ab-d033-4c99-8df6-6328456bd2ac,ADAUSDT,SHORT_BIAS,SHORT,2026-07-04T20:18:23.641134+00:00,0.1926,-401447.5309000004,-0.15505664517084458,0.3209465409574621,SELL_AGGRESSION,8378095.696700183,0.1919,0.1916,0.1918,0.007788161993769477,0.0,0.004153686396677026,2026-07-04T20:33:25.701089+00:00
00e04470-8998-4ca3-800f-a87a85c96d44,LTCUSDT,SHORT_BIAS,SHORT,2026-07-04T20:21:02.124460+00:00,44.93,-278493.6083900002,-0.34288353764084956,0.253001378597568,SELL_AGGRESSION,-353297.0843400031,44.9,44.85,44.91,0.0020031159581570513,0.0,0.00044513687959054363,2026-07-04T20:36:03.714648+00:00
95043197-69da-48df-a233-f30a5b3afa52,SUIUSDT,SHORT_BIAS,SHORT,2026-07-04T20:22:09.579280+00:00,0.7666,-296632.2688500001,-0.15493583488532797,0.27313970488198286,SELL_AGGRESSION,-792170.6129199963,0.7664,0.766,0.7684,0.001826245760500857,0.002478476389251256,-0.0023480302635012053,2026-07-04T20:37:12.092766+00:00
aaaeb0af-3425-4a63-bace-0bd99f890d53,NEARUSDT,SHORT_BIAS,SHORT,2026-07-04T20:23:03.224223+00:00,1.987,-319137.8050000003,-0.20995038674534547,0.2673957591327029,SELL_AGGRESSION,-1741272.844999969,1.987,1.989,1.987,0.0010065425264217422,0.004026170105686969,0.0,2026-07-04T20:38:03.407819+00:00
ef06eff2-7857-417e-9eab-f38d7b88693a,BCHUSDT,SHORT_BIAS,SHORT,2026-07-04T20:28:34.442942+00:00,231.19,-159828.55867999973,-0.665427215575971,0.3758072119807699,SELL_AGGRESSION,277594.03935999656,231.03,231.28,231.19,0.0025520134953934143,0.0035468662139365595,0.0,2026-07-04T20:43:34.687651+00:00
4950b332-3798-4cc9-aaf3-119dd60cb9c0,ZECUSDT,LONG_BIAS,LONG,2026-07-04T20:32:35.472070+00:00,466.35,293250.5582999997,0.16846419242867805,0.6866054348824162,BULLISH_DIVERGENCE,2149750.6755798548,466.62,468.26,468.67,0.007054787177012895,0.00019298809906729243,0.004974804331510653,2026-07-04T20:47:36.767581+00:00
51d364a2-2f07-4236-83c3-47999084e4cf,ZECUSDT,SHORT_BIAS,SHORT,2026-07-04T20:52:53.712096+00:00,468.96,-158274.65144000007,-0.7723242484944395,0.2949929497063324,TRADE_BURST,2357729.674649859,467.89,467.23,467.83,0.004669907881269187,0.00027720914363697427,0.002409587171613774,2026-07-04T21:07:55.051425+00:00
7ea7fd6f-c2f5-4f39-bae6-3c65a5a3c618,BNBUSDT,SHORT_BIAS,SHORT,2026-07-04T21:02:36.543929+00:00,573.43,-106465.04170000035,-0.3539915109769895,0.382348705736736,SELL_AGGRESSION,-7478107.536400013,573.41,573.25,574.19,0.0010637741311056276,0.0015695028163857682,-0.0013253579338369193,2026-07-04T21:17:39.149811+00:00
2e2aae4a-4745-4986-8ec8-2e5380adc2a7,BNBUSDT,LONG_BIAS,LONG,2026-07-04T21:18:15.880076+00:00,574.16,281070.1425999997,0.5179165500319812,0.7915673116485301,BUY_AGGRESSION,-7339812.828899987,574.22,,574.16,0.0005573359342344469,1.7416747944807902e-05,0.0,2026-07-05T00:19:51.751071+00:00
84ad9431-69e2-4ea8-a998-14d8c6f16c52,DOTUSDT,LONG_BIAS,LONG,2026-07-05T00:19:50.530653+00:00,0.894,133896.0762,0.19208084462869526,0.7431174192473557,BUY_AGGRESSION,-66423.70730000158,,,0.894,0.0,0.014541387024608514,0.0,2026-07-05T03:34:23.981748+00:00
7c30d21c-e354-4f92-9ddf-34695c5f0405,SOLUSDT,LONG_BIAS,LONG,2026-07-05T00:19:55.763496+00:00,82.02,3869738.7829000056,0.16393210832261418,0.8565031224566403,SELL_AGGRESSION,-9556667.606099678,,,82.02,0.0,0.006583760058522215,0.0,2026-07-05T03:34:23.981748+00:00
e830ad1f-f85a-42bb-bd0b-bb13638bcd49,ETHUSDT,LONG_BIAS,LONG,2026-07-05T03:35:17.449559+00:00,1759.19,116832.12798999998,0.7358046620839577,0.9367454301588493,BUY_AGGRESSION,179008.37718000004,1760.07,1761.17,1761.2,0.0014779529215149638,0.0,0.001142571297017372,2026-07-05T03:50:19.831440+00:00
08d2434e-5579-4b5c-83ba-33403cd1c7fa,BTCUSDT,LONG_BIAS,LONG,2026-07-05T03:35:22.071672+00:00,62671.4,155482.7040999999,0.5766417914553875,0.7365226734220017,BUY_AGGRESSION,150567.6371,62696.3,62726.1,62671.4,0.0012541605899979663,1.5956241602795662e-06,0.0,2026-07-05T03:50:22.421125+00:00
3fc8484d-d62b-4433-9a87-01d8f7ada599,ZECUSDT,LONG_BIAS,LONG,2026-07-05T03:35:42.763684+00:00,452.55,394728.51006999944,0.7858983404588297,0.9561545699481118,BUY_AGGRESSION,394726.2314399997,452.41,453.26,453.3,0.002607446690973388,0.0006850071815269082,0.0016572754391779914,2026-07-05T03:50:45.100064+00:00
09e54747-5332-48c9-8ac6-1347ad8e5d27,XRPUSDT,LONG_BIAS,LONG,2026-07-05T03:40:46.472895+00:00,1.138,256052.12151,0.23323036886616946,0.6785545090388582,BUY_AGGRESSION,353132.51140999986,1.1383,1.1368,1.1379,0.000439367311072203,0.0015817223198592283,-8.787346221440158e-05,2026-07-05T03:55:49.474184+00:00
ed2efea6-143f-4f55-8c28-60b71dec9ad1,BNBUSDT,LONG_BIAS,LONG,2026-07-05T03:50:38.360099+00:00,571.04,107263.66269999996,0.6728942132887222,0.6919119400691622,BUY_AGGRESSION,125828.6137000002,571.3,571.2,570.97,0.0007179882319979018,0.001453488372092896,-0.00012258335668243264,2026-07-05T04:05:40.992005+00:00
5a08af3e-e2f0-44b1-b1c0-a2e448ab7089,LINKUSDT,SHORT_BIAS,SHORT,2026-07-05T03:55:48.498500+00:00,7.891,-102203.18890999997,-0.23086449461772143,0.22166317484269896,SELL_AGGRESSION,-56444.80237999999,7.889,7.883,7.892,0.0017741731086047693,0.00038017995184388715,-0.00012672665061466657,2026-07-05T04:10:51.768786+00:00
542577c5-79de-4011-8149-097e7c6c89cf,WLDUSDT,LONG_BIAS,LONG,2026-07-05T03:56:38.872059+00:00,0.4141,220508.01820000022,0.2276291512055363,0.6339344034176461,BUY_AGGRESSION,513187.1899000001,0.4141,0.4133,0.4143,0.0026563631972953148,0.002414875633904856,0.00048297512678091754,2026-07-05T04:11:40.724044+00:00
b278579f-622e-4da3-a02c-95f2f5aac8c5,BCHUSDT,SHORT_BIAS,SHORT,2026-07-05T04:00:31.381007+00:00,235.84,-122455.89330000003,-0.6914118913512743,0.2656042340573855,SELL_AGGRESSION,-55718.19463000005,236.21,236.66,238.03,0.00021200814111266693,0.009582767978290328,-0.00928595658073269,2026-07-05T04:15:32.848737+00:00
ce441bc9-8d64-459c-8393-0b38769a434e,BNBUSDT,SHORT_BIAS,SHORT,2026-07-05T04:00:34.482054+00:00,570.38,-109105.22370000006,-0.7766720046264547,0.36138767159600954,SELL_AGGRESSION,87206.82479999951,570.37,570.97,571.31,0.00029804691609095526,0.0018759423542200815,-0.001630491952733178,2026-07-05T04:15:36.605918+00:00
fea081dd-ceae-46cd-bf43-aff954c51a9b,BNBUSDT,LONG_BIAS,LONG,2026-07-05T04:05:59.555050+00:00,570.84,325039.3884999999,0.8120381184383697,0.7701560511374763,TRADE_BURST,412469.85439999937,570.66,571.18,570.84,0.0016291780533949092,0.0003853969588676814,0.0,2026-07-05T04:21:00.691273+00:00
5ebfdf4f-856d-43d3-a0e5-3a4a5a6c36b4,ZECUSDT,LONG_BIAS,LONG,2026-07-05T04:08:07.342065+00:00,453.71,246434.9912900001,0.9753403524360957,0.659472649254741,BUY_AGGRESSION,1737800.843620008,454.35,454.62,455.4,0.0048489123008089875,2.204051045820217e-05,0.003724846267439549,2026-07-05T04:23:09.911499+00:00
5fe3e842-63d9-4ffe-ab46-d5e5775a600f,NEARUSDT,LONG_BIAS,LONG,2026-07-05T04:13:24.127778+00:00,1.967,155496.3900000001,0.4016439451759593,0.7367404315212939,BUY_AGGRESSION,-45369.03099999938,1.969,1.97,1.973,0.0040671072699542486,0.0005083884087443376,0.0030503304524656864,2026-07-05T04:28:26.705030+00:00
f090057c-ff5a-431a-9d91-80a7da4adf5e,ZECUSDT,LONG_BIAS,LONG,2026-07-05T04:15:18.617486+00:00,454.75,252308.69328999962,0.5044240200068759,0.661974110454289,BUY_AGGRESSION,2073239.5092500036,455.34,455.23,456.14,0.003892248488180279,2.1990104452976153e-05,0.003056624518966435,2026-07-05T04:30:18.936170+00:00
0467c715-36e1-46a4-a4b4-e305a325035c,WLDUSDT,LONG_BIAS,LONG,2026-07-05T04:18:30.856593+00:00,0.4153,243341.53039999976,0.18831257806188748,0.6983582944366334,BUY_AGGRESSION,930862.2538000011,0.4155,0.4156,0.416,0.0026486876956416804,0.0009631591620515566,0.0016855285335901238,2026-07-05T04:33:32.130344+00:00
c3d628f8-8de8-4ad9-abaa-d4703a088067,ZECUSDT,LONG_BIAS,LONG,2026-07-05T04:20:31.102801+00:00,455.32,205003.09185999964,0.19633947662467885,0.5887430602688276,BUY_AGGRESSION,2335677.4301799964,455.77,456.16,456.07,0.0032504612140912287,8.785030308359058e-05,0.0016471931828164808,2026-07-05T04:35:33.088813+00:00
615d4103-a5ce-4b72-81d9-212f14256460,DOGEUSDT,LONG_BIAS,LONG,2026-07-05T04:22:25.966626+00:00,0.07606,301679.1283199999,0.21339733220296433,0.6737395315004561,BUY_AGGRESSION,-10691.46258000005,0.07603,0.07617,0.07625,0.00262950302392837,0.0007888509071786023,0.0024980278727319972,2026-07-05T04:37:27.735656+00:00
574db17b-ec44-4c2f-86b8-16b5f689f88a,WLDUSDT,LONG_BIAS,LONG,2026-07-05T04:23:49.394063+00:00,0.4159,242753.30900000007,0.17240747586137628,0.6946298206057022,BUY_AGGRESSION,1174453.2704000014,0.416,0.4155,0.416,0.001202212070209186,0.0014426544842509965,0.0002404424140418105,2026-07-05T04:38:50.646935+00:00
a22fd1e8-c5d1-4575-8baa-172d184689dc,WLDUSDT,LONG_BIAS,LONG,2026-07-05T04:34:27.924889+00:00,0.4156,138776.23509999993,0.1917923357655816,0.5983132629981132,BUY_AGGRESSION,1365392.3251000037,0.4159,0.4161,0.4165,0.0028873917228103437,0.00048123195380181296,0.002165543792107691,2026-07-05T04:49:28.719571+00:00
9b5accca-f074-4951-8fb0-e67930b13dd2,BCHUSDT,SHORT_BIAS,SHORT,2026-07-05T04:40:34.468422+00:00,238.34,-103036.2312100001,-0.49010395958990977,0.3110808691695108,SELL_AGGRESSION,184916.03056000188,237.97,238.61,239.89,0.0037341612822019586,0.01476881765545024,-0.006503314592598737,2026-07-05T04:55:35.599264+00:00
9a3c6645-4c49-4823-99a8-e751281a6e54,DOGEUSDT,LONG_BIAS,LONG,2026-07-05T04:41:23.954248+00:00,0.07627,274529.76910999976,0.18849199306780542,0.6401357301296571,BUY_AGGRESSION,956646.3123599988,0.07632,0.07627,0.07616,0.0009177920545430787,0.0019666972597352987,-0.0014422446571390978,2026-07-05T04:56:25.560390+00:00
b748dcbd-8fd6-41c9-b9fa-3501eb8703c6,XRPUSDT,LONG_BIAS,LONG,2026-07-05T04:41:37.215122+00:00,1.1404,224387.34137999982,0.22474179150486634,0.6072882427429168,BUY_AGGRESSION,3535300.3276699954,1.141,1.1403,1.1404,0.0014030164854435493,0.002367590319186379,0.0,2026-07-05T04:56:37.789156+00:00
6ee16286-1753-41ef-838c-d758eea49fd3,ZECUSDT,LONG_BIAS,LONG,2026-07-05T04:52:27.586894+00:00,455.86,228238.35825999995,0.46823746776627817,0.6717028423580353,BUY_AGGRESSION,4295064.65987997,456.11,456.19,454.84,0.0012284473303207175,0.002654323695871619,-0.0022375290659413824,2026-07-05T05:07:29.841793+00:00
f990a721-1c10-44e2-b7d0-b61c0527e806,ADAUSDT,LONG_BIAS,LONG,2026-07-05T05:16:23.069606+00:00,0.1903,146127.4793,0.1539826663764566,0.6455402007504869,BULLISH_DIVERGENCE,-30154.991099999734,0.1904,0.1901,0.1894,0.00157645822385704,0.00525486074619023,-0.0047293746715711205,2026-07-05T05:31:24.257332+00:00
021609d5-7516-4140-a552-76e2dbe36649,ZECUSDT,LONG_BIAS,LONG,2026-07-05T05:19:56.900968+00:00,455.28,231025.25295999993,0.589231684922019,0.706955677050567,BULLISH_DIVERGENCE,3864714.432109987,455.13,454.65,455.46,0.00041732560182756675,0.0021305570198558482,0.00039536109646812255,2026-07-05T05:34:56.975421+00:00
4fc48955-59ce-435b-8d91-5e12dd4e8a5e,ZECUSDT,LONG_BIAS,LONG,2026-07-05T05:32:25.372406+00:00,455.15,328578.15008,0.6623220600792988,0.7750620917182998,BUY_AGGRESSION,4282936.00835996,454.61,455.68,454.47,0.0013621882895748754,0.00417444798418099,-0.00149401296275942,2026-07-05T05:47:27.278742+00:00
39fde375-8681-43f4-b289-de2f91526a94,AVAXUSDT,SHORT_BIAS,SHORT,2026-07-05T05:37:24.759377+00:00,6.791,-113266.42700000008,-0.1638261301565069,0.21007487768124491,SELL_AGGRESSION,-122438.62400000128,6.789,6.768,6.776,0.005006626417317139,0.0005890148726254689,0.002208805772345835,2026-07-05T05:52:26.384855+00:00
8633c424-046e-4241-90e7-180f842560c2,AAVEUSDT,SHORT_BIAS,SHORT,2026-07-05T05:41:07.527122+00:00,87.39,-185680.63199999995,-0.18501622935860962,0.13475906950649724,SELL_AGGRESSION,-98487.13700000028,87.18,87.26,87.41,0.005034901018423134,0.0005721478430025993,-0.00022885913720100721,2026-07-05T05:56:09.281246+00:00
24691d5d-844a-4e91-82e3-f27236644900,LINKUSDT,SHORT_BIAS,SHORT,2026-07-05T05:41:16.435388+00:00,7.861,-150085.55849999998,-0.16844935107461928,0.21880654001490965,SELL_AGGRESSION,-425511.7161700005,7.861,7.858,7.875,0.0026714158504007007,0.002162574736038716,-0.0017809439002671715,2026-07-05T05:56:18.271138+00:00
86dc33ea-2075-43f6-9f0a-c350b8de6ccd,BCHUSDT,SHORT_BIAS,SHORT,2026-07-05T05:44:53.886140+00:00,237.03,-141704.04472000035,-0.16182134176649018,0.39734855549908354,SELL_AGGRESSION,1087895.862289985,237.0,237.66,237.03,0.0018141163565793647,0.009070581782896703,0.0,2026-07-05T05:59:54.006234+00:00
0e9cb461-42bd-415c-9702-69e7e2e738cb,BNBUSDT,SHORT_BIAS,SHORT,2026-07-05T05:45:03.163878+00:00,571.35,-190417.38290000026,-0.2849244926953531,0.3822498087257523,TRADE_BURST,422466.9911000145,571.49,571.26,572.01,0.000367550538199066,0.0021002887897084654,-0.001155158834339666,2026-07-05T06:00:05.271816+00:00
cd23e4e0-4fee-483c-a9e5-75d3a5f30faf,AVAXUSDT,SHORT_BIAS,SHORT,2026-07-05T05:51:06.277256+00:00,6.768,-189045.21699999995,-0.42007219433025933,0.28204538434658144,SELL_AGGRESSION,-746458.3140000002,6.775,6.775,6.761,0.0033983451536642563,0.001773049645390138,0.0010342789598108265,2026-07-05T06:06:08.482214+00:00
d071a02d-0c73-4def-acfe-3a8f563e6025,ZECUSDT,LONG_BIAS,LONG,2026-07-05T05:51:32.411962+00:00,455.83,230802.26631000012,0.883275880577818,0.7113009932162769,BULLISH_DIVERGENCE,4067234.6779699763,456.2,456.41,455.83,0.0015795362306123496,0.0023254283395125427,0.0,2026-07-05T06:06:34.832320+00:00
f5925ce7-3314-42ec-806a-7695a5f7330f,BNBUSDT,LONG_BIAS,LONG,2026-07-05T05:53:57.191831+00:00,572.28,158187.6032999995,0.5066343063554248,0.6732619540091296,BUY_AGGRESSION,374429.8728000154,572.46,572.1,572.28,0.00047179702243653774,0.002446354931152543,0.0,2026-07-05T06:08:57.701961+00:00
93fda980-2227-46c4-94bb-647e65da69c8,ZECUSDT,LONG_BIAS,LONG,2026-07-05T05:56:57.438639+00:00,456.48,255555.52237999963,0.40777032392612733,0.6930358140110554,BUY_AGGRESSION,4347068.817570004,456.13,455.55,455.88,8.762705923581235e-05,0.0037460567823344644,-0.0013144058885384304,2026-07-05T06:11:58.213096+00:00
760c3308-b603-4607-aa35-64739e73d920,BNBUSDT,SHORT_BIAS,SHORT,2026-07-05T06:02:46.500328+00:00,571.24,-293595.4304999998,-0.8117506076573795,0.22494966530982463,SELL_AGGRESSION,157402.9211000152,571.01,571.34,571.24,0.0006302079686296716,0.0014704852601359006,0.0,2026-07-05T06:17:47.155737+00:00
9f925ace-5370-41c7-980b-1470ae88584c,XRPUSDT,SHORT_BIAS,SHORT,2026-07-05T06:03:26.839444+00:00,1.1337,-289858.6886000001,-0.19010806332766766,0.40364946064356083,SELL_AGGRESSION,1287724.546099999,1.1339,1.1351,1.1337,0.0002646202699126462,0.00220516891593911,0.0,2026-07-05T06:18:27.453898+00:00
913ce7cc-66b1-43b1-b874-8fd6c83e5f12,WLDUSDT,LONG_BIAS,LONG,2026-07-05T06:06:23.656318+00:00,0.4117,100256.22439999998,0.27741033193827136,0.6231803038186051,BUY_AGGRESSION,33698.339300004845,0.4114,0.4117,0.4125,0.002428953121204763,0.0019431624969638642,0.0019431624969637293,2026-07-05T06:21:24.888209+00:00
9ffd1e5f-a960-4e7c-91dc-08112e4d542a,ZECUSDT,LONG_BIAS,LONG,2026-07-05T06:15:26.550241+00:00,455.98,102199.80590000027,0.5925466769905438,0.6744965942664638,BUY_AGGRESSION,4343685.46201998,456.35,455.17,455.11,0.0011404008947760468,0.0036624413351463133,-0.001907978420106155,2026-07-05T06:30:27.417168+00:00
fde3d11b-19ca-45cd-bc3a-3b17ed6a1df7,WLDUSDT,LONG_BIAS,LONG,2026-07-05T06:18:12.732276+00:00,0.4121,120127.29939999984,0.20350208227320363,0.7157413216439147,BUY_AGGRESSION,125270.65430000486,0.4123,0.4116,0.4127,0.00266925503518561,0.0016986168405727588,0.0014559572919194113,2026-07-05T06:33:14.805217+00:00
38cc30b6-e206-4dfe-8c66-fa7003941c31,AVAXUSDT,LONG_BIAS,LONG,2026-07-05T06:21:36.597714+00:00,6.773,111113.138,0.16424884954022798,0.7575579713681694,BUY_AGGRESSION,-810467.6590000007,6.766,6.766,6.785,0.0026576111029087087,0.001476450612726973,0.0017717407352724724,2026-07-05T06:36:38.239335+00:00
fa766ddd-d9b1-4c7e-8e98-c2e5c818b4e7,BNBUSDT,LONG_BIAS,LONG,2026-07-05T06:22:44.078713+00:00,572.12,154434.78600000037,0.5927553709454454,0.7046367379423195,BUY_AGGRESSION,-104541.92509998438,572.28,572.2,572.12,0.0013458714954904247,0.00020974620708942975,0.0,2026-07-05T06:37:44.242170+00:00
9e18a7d1-b682-4243-8201-7977c5043e75,NEARUSDT,SHORT_BIAS,SHORT,2026-07-05T06:23:20.935830+00:00,1.945,-265170.88700000034,-0.2019695315141042,0.4007481316335266,SELL_AGGRESSION,-1828907.177999996,1.946,1.946,1.951,0.0,0.005141388174807203,-0.0030848329048843216,2026-07-05T06:38:22.196697+00:00
f0ec775c-74af-40e3-9553-f3972c3f90b3,ZECUSDT,LONG_BIAS,LONG,2026-07-05T06:26:12.820876+00:00,454.97,109815.89116000017,0.8227586163126938,0.6488066151257027,BULLISH_DIVERGENCE,3556241.934059992,455.09,455.48,455.98,0.0032529617337406012,0.0,0.0022199265885662588,2026-07-05T06:41:16.172967+00:00
f55c89a6-8c32-40ea-98ad-cefc38695d6a,ZECUSDT,LONG_BIAS,LONG,2026-07-05T06:31:15.991302+00:00,455.48,175368.08984000032,0.15053763011470153,0.7361976672856541,BUY_AGGRESSION,3731798.843039984,455.6,456.28,456.72,0.0028541319048036237,0.000812329849828762,0.0027224027399666484,2026-07-05T06:46:17.774333+00:00
94ba31b2-e7e5-48b5-bf2f-405ba0bf63e5,LINKUSDT,SHORT_BIAS,SHORT,2026-07-05T06:37:46.034060+00:00,7.879,-139386.52994999997,-0.38731669013394293,0.29712520124718617,SELL_AGGRESSION,-1248781.2065700013,7.875,7.879,7.883,0.0006345982992765444,0.0010153572788424937,-0.0005076786394213032,2026-07-05T06:52:47.798751+00:00
86977d83-d784-4954-8082-f575b746a4c9,ZECUSDT,LONG_BIAS,LONG,2026-07-05T06:45:59.306570+00:00,456.72,477638.67042000114,0.5180097802497665,0.7994086345819397,BUY_AGGRESSION,4292881.369209993,457.02,457.06,457.32,0.0014669819583113485,0.0012480294272202881,0.0013137151865474817,2026-07-05T07:01:01.893966+00:00
8327211f-4319-4ddc-92cb-76b9b85b4dd5,XRPUSDT,LONG_BIAS,LONG,2026-07-05T06:53:13.156084+00:00,1.1383,235336.84088999973,0.282120237476975,0.6945453182096465,BUY_AGGRESSION,2499660.7294700015,1.1386,1.1378,1.1383,0.0005271018185012158,0.0014056048493367704,0.0,2026-07-05T07:08:13.418300+00:00
b9c3463a-8cf7-467e-ba71-b33e0e682961,ADAUSDT,LONG_BIAS,LONG,2026-07-05T06:57:06.367079+00:00,0.1897,186110.19509999992,0.15135051703542846,0.7210716247130879,BUY_AGGRESSION,-494712.3160999974,0.1899,0.1899,0.1906,0.0047443331576172065,0.0,0.0047443331576172065,2026-07-05T07:12:07.477953+00:00
24a58ee8-fdfc-4153-8896-1c38e5cf5fdc,BCHUSDT,SHORT_BIAS,SHORT,2026-07-05T06:58:38.066122+00:00,239.8,-145303.11896000008,-0.7357662442740491,0.3393155911400171,SELL_AGGRESSION,1169122.4491199914,239.87,239.45,239.8,0.008924103419516325,0.000750625521267633,0.0,2026-07-05T07:13:38.219514+00:00
c7546561-4cee-49ac-a2d0-440672b737b2,BNBUSDT,SHORT_BIAS,SHORT,2026-07-05T07:00:13.881679+00:00,572.03,-570515.0617999998,-0.6216916615720404,0.11914066364401883,BEARISH_DIVERGENCE,-562514.5555999842,572.11,572.28,572.03,0.0002272608079995725,0.0008041536283062713,0.0,2026-07-05T07:15:13.959574+00:00
66684cba-b1bd-41ff-8dae-64d0b1618e9f,XRPUSDT,LONG_BIAS,LONG,2026-07-05T07:01:38.544833+00:00,1.1372,234962.58403000032,0.22645749358757622,0.6514194608006252,BUY_AGGRESSION,2693484.359670002,1.1379,1.1369,1.1372,0.000791417516707616,0.0015828350334154272,0.0,2026-07-05T07:16:38.682354+00:00
cebff2a6-7f2f-40ac-89fb-16edacf360cf,ZECUSDT,LONG_BIAS,LONG,2026-07-05T07:03:25.761422+00:00,457.32,284495.2696400002,0.527771480851109,0.7199697019460661,BUY_AGGRESSION,4809112.766169989,457.15,456.33,456.21,0.00028426484737163353,0.005073034199247777,-0.002427184466019447,2026-07-05T07:18:27.055658+00:00
11ab1d28-f2b1-46bf-b974-0527830ccdd3,ZECUSDT,SHORT_BIAS,SHORT,2026-07-05T07:10:50.065434+00:00,456.06,-112061.71031999952,-0.7802961579541895,0.4118622847915273,SELL_AGGRESSION,4748467.751809982,455.86,455.15,456.41,0.002324255580406092,0.0017980090338990335,-0.0007674428803228144,2026-07-05T07:25:50.957026+00:00
9b0f1694-45be-4504-b898-50397be03d52,BCHUSDT,SHORT_BIAS,SHORT,2026-07-05T07:11:00.109644+00:00,238.17,-215582.99144999936,-0.4691485664579119,0.32616565492341687,SELL_AGGRESSION,923083.6821399897,237.92,237.4,238.17,0.004366628878532107,0.003190998026619723,0.0,2026-07-05T07:26:00.330208+00:00
4d5a3c0a-ad13-4ac1-9670-7e6be2d5851b,XRPUSDT,LONG_BIAS,LONG,2026-07-05T07:11:57.340819+00:00,1.1369,189400.09606,0.16349362303923662,0.6619563314315404,BUY_AGGRESSION,2859972.3566499893,1.1369,1.1364,1.1358,0.0003518339343829325,0.0016712111883191245,-0.0009675433195532597,2026-07-05T07:26:58.863264+00:00
1a820744-b618-419d-b55a-5664e35ed31f,ZECUSDT,LONG_BIAS,LONG,2026-07-05T07:25:06.552846+00:00,456.52,210189.28042000058,0.9111093280002676,0.656880883043832,BUY_AGGRESSION,4511739.598119918,456.19,456.5,456.47,0.0016647682467361583,0.0014238149478664184,-0.00010952422675885947,2026-07-05T07:40:08.604974+00:00
79816b9e-06c8-45e2-a380-0c82a28cb539,BNBUSDT,SHORT_BIAS,SHORT,2026-07-05T07:27:44.377148+00:00,572.77,-237713.5535999997,-0.20077652605674473,0.2968446330542663,SELL_AGGRESSION,-358111.1850999865,572.79,573.29,572.77,1.7459014962359944e-05,0.0034219669326257247,0.0,2026-07-05T07:42:44.458240+00:00
3e68cc68-a583-427a-95a4-41e54266afab,ZECUSDT,LONG_BIAS,LONG,2026-07-05T07:31:50.304252+00:00,456.77,152758.04069,0.5617441510100282,0.6784761764401396,BUY_AGGRESSION,4630650.501289927,456.73,456.54,456.81,0.0011165356744094203,0.0016419642270727062,8.757142544392246e-05,2026-07-05T07:46:51.371814+00:00
f888f549-9016-4a38-a12a-eb50fb02016d,LINKUSDT,LONG_BIAS,LONG,2026-07-05T07:32:20.570772+00:00,7.895,100904.46796999997,0.2304131172759505,0.7733516337166458,BUY_AGGRESSION,-1248735.10444,7.901,7.907,7.906,0.0021532615579481127,0.0001266624445851103,0.001393286890437001,2026-07-05T07:47:21.719607+00:00
f4c88212-c9b8-46db-b1b8-c0c244079ddb,UNIUSDT,LONG_BIAS,LONG,2026-07-05T07:32:28.135733+00:00,3.187,102229.84999999996,0.17207498655395875,0.9700368300121609,BUY_AGGRESSION,15968.393000000435,3.19,3.188,3.189,0.0015688735487920733,0.0,0.0006275494195168572,2026-07-05T07:47:29.342838+00:00
0064bc9a-ca9b-4188-b1ec-befd6912c374,BCHUSDT,SHORT_BIAS,SHORT,2026-07-05T07:39:38.413443+00:00,239.49,-106324.44582000011,-0.662494312075261,0.4139212469044607,SELL_AGGRESSION,778346.6258299908,239.41,240.26,240.92,0.0020460144473673602,0.008476345567664625,-0.0059710217545616865,2026-07-05T07:54:40.296041+00:00
da531c51-f77c-45b9-9456-2fca9a9cdeea,WLDUSDT,LONG_BIAS,LONG,2026-07-05T07:46:51.303120+00:00,0.4146,171222.53509999998,0.2083871858023409,0.6808242985160434,BUY_AGGRESSION,1130810.9492000053,0.4147,0.4156,0.4146,0.006994693680655952,0.00048239266763153274,0.0,2026-07-05T08:01:51.414397+00:00
d6a04bdb-3a40-42dd-8429-4cf6fbce79ec,XRPUSDT,LONG_BIAS,LONG,2026-07-05T07:50:52.943276+00:00,1.1391,210902.2098200002,0.4279765891955823,0.704299616685645,BUY_AGGRESSION,3960890.386219992,1.1396,1.1401,1.1396,0.001667983495742264,0.00017557721007811252,0.0004389430251952813,2026-07-05T08:05:54.510055+00:00
b60f41cd-ec2a-4607-8652-4b99f2417f7d,LINKUSDT,LONG_BIAS,LONG,2026-07-05T07:52:10.745790+00:00,7.915,174198.61532999994,0.23717351880252427,0.7272943440571429,TRADE_BURST,-989933.148399999,7.915,7.919,7.919,0.0025268477574225613,0.00012634238787117297,0.0005053695514844674,2026-07-05T08:07:11.609279+00:00
4c41dcf6-551d-435e-8d02-5b2c99426d38,AAVEUSDT,LONG_BIAS,LONG,2026-07-05T07:52:39.598731+00:00,87.86,240220.59000000003,0.19058199643094573,0.9253530166389645,BUY_AGGRESSION,-415626.53000000195,87.92,87.99,88.01,0.0027316184839516833,0.0005690871841565804,0.001707261552469903,2026-07-05T08:07:41.504730+00:00
d01cea0c-35d5-4c6d-9c1e-9e6d06ec52ae,WLDUSDT,LONG_BIAS,LONG,2026-07-05T07:52:45.601706+00:00,0.4159,188894.2476000001,0.15927350860221554,0.6365696197379418,BUY_AGGRESSION,1324299.2781000065,0.4162,0.4166,0.4152,0.0038470786246693686,0.002885308968501993,-0.001683096898292807,2026-07-05T08:07:46.381312+00:00
d0baa822-8cc9-41aa-93d6-f54fe1e49b4b,BCHUSDT,SHORT_BIAS,SHORT,2026-07-05T07:58:05.582112+00:00,240.99,-142479.04891999997,-0.3706647969214484,0.3140204135461816,SELL_AGGRESSION,868465.8853099939,240.69,241.23,241.1,0.003319639819079677,0.0018672973982322445,-0.00045645047512338774,2026-07-05T08:13:06.196639+00:00
3580b59e-3a23-43e2-b8de-2b91a2e6d5d2,ADAUSDT,LONG_BIAS,LONG,2026-07-05T07:59:13.315973+00:00,0.193,215936.03020000097,0.1786179777320336,0.5823219747435607,BUY_AGGRESSION,499944.23760000226,0.1928,0.1923,0.1919,0.0005181347150258497,0.009326424870466301,-0.005699481865285065,2026-07-05T08:14:15.181973+00:00
673eac34-545d-4ff3-9007-4196f732fb05,LINKUSDT,LONG_BIAS,LONG,2026-07-05T08:00:24.708381+00:00,7.921,112044.36196999995,0.2808140758461077,0.7672204999218962,TRADE_BURST,-710258.4871799996,7.93,7.922,7.921,0.0017674536043428034,0.0012624668602450038,0.0,2026-07-05T08:15:25.003694+00:00
118a477a-7d6f-4bf8-9e03-81e9b753ab2f,BCHUSDT,LONG_BIAS,LONG,2026-07-05T08:03:37.888109+00:00,240.79,152717.3550800002,0.16829256408435073,0.6604304609156455,BUY_AGGRESSION,1012585.7994599945,240.71,240.24,241.77,0.0070600938577184144,0.0024917978321358624,0.004069936459155356,2026-07-05T08:18:39.841429+00:00
618e3b4f-b475-4c5d-83c3-f522f5a15af5,BNBUSDT,SHORT_BIAS,SHORT,2026-07-05T08:06:38.266176+00:00,576.0,-421925.81749999995,-0.736640681707238,0.31469354228835006,SELL_AGGRESSION,1312141.3945000155,575.84,575.3,576.42,0.0013020833333333333,0.0018055555555554924,-0.0007291666666665956,2026-07-05T08:21:40.201608+00:00
36dd47fd-1a57-4b3c-8aa7-7322bd4f017d,DOGEUSDT,LONG_BIAS,LONG,2026-07-05T08:14:59.595437+00:00,0.07607,108750.86794999996,0.28532159776308064,0.6318891237287357,BUY_AGGRESSION,-1719430.0517100103,0.07609,0.07604,0.07603,0.0010516629420270374,0.001314578677533888,-0.0005258314710135187,2026-07-05T08:30:01.152628+00:00
c212e2f8-72f3-4347-ad07-aabcdadadada,AAVEUSDT,LONG_BIAS,LONG,2026-07-05T08:26:01.109207+00:00,88.44,123175.67900000002,0.33447126605685434,0.7795571228612954,TRADE_BURST,-550936.6630000023,88.55,88.32,88.04,0.0019222071460877625,0.0049751243781094275,-0.00452284034373577,2026-07-05T08:41:01.961085+00:00
59acb49a-4f12-4a7e-bce5-ef74436d4703,ZECUSDT,LONG_BIAS,LONG,2026-07-05T08:32:19.201071+00:00,458.64,375470.2533699991,0.7432963433392642,0.763050705312138,BUY_AGGRESSION,8040672.6921799285,458.73,458.33,458.74,0.0007413221698936679,0.0008721437292865369,0.00021803593232169619,2026-07-05T08:47:22.042209+00:00
7ee44607-c929-46c2-ae6d-361311b12cf2,SOLUSDT,LONG_BIAS,LONG,2026-07-05T08:34:55.565665+00:00,80.55,434747.0197999986,0.32869641915877873,0.6204630212653812,BUY_AGGRESSION,22501120.16799908,80.54,80.51,80.55,0.0004965859714463843,0.0013656114214773362,0.0,2026-07-05T08:49:56.898731+00:00
41cd0427-13c3-4639-8860-b20c4e9b4a1b,BCHUSDT,LONG_BIAS,LONG,2026-07-05T08:42:19.188927+00:00,239.58,229050.21368999872,0.22563163396619984,0.6207087061568148,BUY_AGGRESSION,1263092.3167700015,239.39,239.97,240.38,0.007346189164370944,0.0011687119125135701,0.00333917689289583,2026-07-05T08:57:20.527724+00:00
62eb02dd-eb9c-4d39-a3e0-be5007496921,DOGEUSDT,LONG_BIAS,LONG,2026-07-05T08:47:30.819647+00:00,0.0761,100229.76140000002,0.3286075654598846,0.7898400154757621,BUY_AGGRESSION,-2039555.253460018,0.07615,0.07604,0.07596,0.0014454664914585937,0.0021024967148489796,-0.001839684625492789,2026-07-05T09:02:32.302003+00:00
71b201f4-76e6-467e-a099-6dc040496c1a,ZECUSDT,LONG_BIAS,LONG,2026-07-05T08:48:37.129199+00:00,458.84,136052.23436000006,0.7470835788385073,0.6938943902156254,BULLISH_DIVERGENCE,8040893.874099949,459.33,458.01,457.65,0.0013730276349055276,0.003160142969226721,-0.002593496643710221,2026-07-05T09:03:38.042222+00:00
e3da98c0-d2c6-4d42-89c4-181c74fca0db,ZECUSDT,LONG_BIAS,LONG,2026-07-05T08:58:45.394571+00:00,458.07,132348.69206999993,0.9519299398774904,0.6069614165868511,BUY_AGGRESSION,7529388.476349928,458.26,457.66,456.31,0.0006767524614141994,0.005326696793066557,-0.0038422075228676644,2026-07-05T09:13:47.254059+00:00
b0786d01-17bf-447b-8f28-2b3166a94123,WLDUSDT,LONG_BIAS,LONG,2026-07-05T09:06:01.513006+00:00,0.4149,115254.62419999993,0.22038719249190544,0.7673288197167583,BUY_AGGRESSION,1696623.0014999982,0.4149,0.415,0.414,0.0016871535309714001,0.0024102193299590283,-0.0021691973969631523,2026-07-05T09:21:01.917421+00:00
a4f3f841-2458-403f-81dc-fd5c7c30a3ee,ZECUSDT,LONG_BIAS,LONG,2026-07-05T09:07:54.752685+00:00,458.11,100657.17579000043,0.23907307872458539,0.6938889416519651,BUY_AGGRESSION,7557933.908769921,458.2,456.31,455.39,0.0005893780969635716,0.006046582698478615,-0.005937438606448292,2026-07-05T09:22:58.169087+00:00
b1c8a7af-f8bd-4576-97af-bd1dd03a2f7f,SOLUSDT,LONG_BIAS,LONG,2026-07-05T09:09:56.556839+00:00,80.49,338638.26340000035,0.31963433581790995,0.6697699620137543,BUY_AGGRESSION,23656088.61539953,80.42,80.37,80.22,0.00024847807181028987,0.005466517579823553,-0.003354453969437148,2026-07-05T09:24:58.556063+00:00
bf8731b6-0e84-46ec-8ee0-3ba6b8bdb52d,DOGEUSDT,SHORT_BIAS,SHORT,2026-07-05T09:18:04.375956+00:00,0.07595,-349977.90703999996,-0.20487665507849412,0.2047624483758701,SELL_AGGRESSION,-2816634.01990001,0.07591,0.07586,0.07595,0.0036866359447004934,0.0,0.0,2026-07-05T09:33:04.800508+00:00
19c5438b-5288-4c3e-a341-55fa8c55dc7c,ZECUSDT,SHORT_BIAS,SHORT,2026-07-05T09:28:09.196053+00:00,454.72,-206405.38821,-0.5266765637402907,0.41991080478141724,SELL_AGGRESSION,6843401.241649903,454.31,454.25,452.17,0.005981703026038061,0.0002638986629133262,0.005607846586910651,2026-07-05T09:43:10.591104+00:00
73096636-383c-4776-9807-29442989f0b7,AAVEUSDT,SHORT_BIAS,SHORT,2026-07-05T09:29:53.404490+00:00,87.81,-120828.36800000005,-0.2700794837983564,0.2810576754239319,SELL_AGGRESSION,-660869.6460000062,87.77,87.75,87.42,0.0061496412709259336,0.001024940211821016,0.004441407584557574,2026-07-05T09:44:54.045514+00:00
130db1af-9b22-4fed-b229-c2a68c3fbeac,BNBUSDT,SHORT_BIAS,SHORT,2026-07-05T09:30:25.166767+00:00,575.89,-726366.9729000002,-0.3557135365584501,0.20985659264658327,SELL_AGGRESSION,-1979006.7442999808,576.16,576.23,575.89,0.004879404052857222,0.0011981454791714643,0.0,2026-07-05T09:45:25.947004+00:00
40817522-93ba-4fa1-a1a6-81f4290f8cef,ADAUSDT,SHORT_BIAS,SHORT,2026-07-05T09:31:02.411336+00:00,0.1907,-221695.4290999996,-0.15044155970306725,0.3585372190556701,SELL_AGGRESSION,-182553.94469999688,0.1903,0.1902,0.1891,0.012585212375458905,0.0005243838489773937,0.008390141583639318,2026-07-05T09:46:04.558412+00:00
f0e96a24-c654-4288-bba6-79a05420c568,SUIUSDT,SHORT_BIAS,SHORT,2026-07-05T09:39:15.232346+00:00,0.7418,-132854.1939800001,-0.36589079319111484,0.3299571524355998,SELL_AGGRESSION,-106273.92894000137,0.7404,0.738,0.7393,0.006605554057697513,0.0,0.003370180641682472,2026-07-05T09:54:17.151628+00:00
35eea360-f942-4716-996c-3bfb7c9c4359,BCHUSDT,SHORT_BIAS,SHORT,2026-07-05T09:39:55.809289+00:00,237.54,-324579.96080999833,-0.5989774701636672,0.4161674674157878,TRADE_BURST,934106.1612200023,237.53,236.96,236.83,0.00711459122674075,0.004167719120990188,0.0029889702786898187,2026-07-05T09:54:57.923232+00:00
632d818d-22c6-420f-b5b5-76974d2dbb00,LINKUSDT,SHORT_BIAS,SHORT,2026-07-05T09:41:04.421552+00:00,7.867,-178650.56617000006,-0.1664784565440815,0.3830022503366753,SELL_AGGRESSION,-948011.5583799976,7.859,7.865,7.856,0.0035591712215583553,0.00038133977373841537,0.0013982458370408188,2026-07-05T09:56:06.086520+00:00
9da0d8dc-2dd2-48f8-9667-2e3e7fa1a2eb,HBARUSDT,SHORT_BIAS,SHORT,2026-07-05T09:43:59.105400+00:00,0.07459,-103303.15430000002,-0.46425297698448215,0.30021982647815826,SELL_AGGRESSION,-265489.5242400001,0.0746,0.07474,0.07459,0.0009384636010189116,0.0020109934307547574,0.0,2026-07-05T09:58:59.658616+00:00
63926999-2047-427c-b0d7-4be7f145bdc6,AVAXUSDT,SHORT_BIAS,SHORT,2026-07-05T09:46:51.003366+00:00,6.78,-102329.37499999994,-0.23487860540696145,0.38494471653747875,SELL_AGGRESSION,-282757.368999998,6.78,6.783,6.782,0.0005899705014749923,0.002212389380530926,-0.00029498525073743065,2026-07-05T10:01:51.748276+00:00
b2a574f5-dbe3-4e33-8797-f4900e6c579d,ZECUSDT,LONG_BIAS,LONG,2026-07-05T09:58:13.014560+00:00,453.41,217961.1830100004,0.6714831296824243,0.6135126082864687,BUY_AGGRESSION,3579601.1417398993,453.33,452.63,454.55,0.004741845129132523,0.003352374230828695,0.0025142806731214273,2026-07-05T10:13:14.561172+00:00
552ed635-ac7b-44ac-8f95-6195a559204c,WLDUSDT,SHORT_BIAS,SHORT,2026-07-05T10:01:27.090379+00:00,0.4064,-266139.5383,-0.199211336787418,0.27804784763600093,SELL_AGGRESSION,-1405117.516600005,0.4031,0.4047,0.4064,0.009596456692913286,0.0019685039370079304,0.0,2026-07-05T10:16:27.211650+00:00
54216ac9-118b-4e66-8133-b15a803d8757,AAVEUSDT,SHORT_BIAS,SHORT,2026-07-05T10:02:39.580221+00:00,87.2,-156533.373,-0.19691320812571336,0.18410634569554715,SELL_AGGRESSION,-965058.3340000072,87.36,87.52,87.54,0.00022935779816509198,0.007568807339449502,-0.0038990825688073783,2026-07-05T10:17:40.193590+00:00
82e6d0b9-09dc-4178-94d7-bff4bda48320,LINKUSDT,SHORT_BIAS,SHORT,2026-07-05T10:04:23.922894+00:00,7.851,-113344.14433999997,-0.1520422139973804,0.36521787660751537,SELL_AGGRESSION,-1325485.5158200017,7.854,7.861,7.86,0.0002547446185199057,0.002420073875939387,-0.0011463507833397455,2026-07-05T10:19:24.872805+00:00
ba211226-5128-49be-8e69-dcd8d9792016,BNBUSDT,LONG_BIAS,LONG,2026-07-05T10:05:39.761925+00:00,575.15,369175.67249999905,0.7648475212761098,0.6738325122994625,TRADE_BURST,-3399629.1422999823,575.37,575.86,575.94,0.0027297226810398157,0.00022602799269754925,0.0013735547248545203,2026-07-05T10:20:41.593560+00:00
3f19e9f9-bbaa-480d-b583-3ed13ffb8ad3,LINKUSDT,LONG_BIAS,LONG,2026-07-05T10:10:01.986608+00:00,7.864,103146.95233999997,0.21061793714234248,0.7742591484031747,BUY_AGGRESSION,-1209673.8391600018,7.868,7.859,7.87,0.001144455747711132,0.001271617497456738,0.0007629704984740879,2026-07-05T10:25:04.012460+00:00
240656dd-0a96-459d-991f-9dce997facac,AAVEUSDT,LONG_BIAS,LONG,2026-07-05T10:11:43.705406+00:00,87.77,101624.77900000007,0.24422095969934776,0.7788189896049745,BUY_AGGRESSION,-851697.5150000068,87.64,87.55,87.75,0.0011393414606358497,0.002962287797652853,-0.0002278682921271052,2026-07-05T10:26:45.507339+00:00
3e408e8d-d9fe-4af1-b4c0-e0a1494ba8ae,DOGEUSDT,LONG_BIAS,LONG,2026-07-05T10:16:49.447943+00:00,0.07561,155912.18044999999,0.15961299495097428,0.6785148962549243,BUY_AGGRESSION,-4820229.775660011,0.07562,0.07569,0.07566,0.0022483798439360335,0.00013225763787853622,0.0006612881893930482,2026-07-05T10:31:51.868846+00:00
8c65e712-77b5-4190-b9b2-96f48a9accaa,WLDUSDT,SHORT_BIAS,SHORT,2026-07-05T10:17:03.955928+00:00,0.4069,-175722.89709999994,-0.2827966260943533,0.30201605737187853,SELL_AGGRESSION,-2743214.6614000048,0.4063,0.4073,0.4079,0.0024576062914721084,0.0036864094372081628,-0.0024576062914721084,2026-07-05T10:32:06.575872+00:00
913b4a08-6de3-4f84-aa63-04e622aa3408,BNBUSDT,SHORT_BIAS,SHORT,2026-07-05T10:17:11.279070+00:00,575.37,-109292.65829999998,-0.17586195695411874,0.3689343476892841,SELL_AGGRESSION,-2938412.743299981,575.37,576.22,575.33,0.00029546205050655935,0.0016337313380953835,6.952048247208512e-05,2026-07-05T10:32:14.091659+00:00
092d2648-fcdf-4fef-a3f9-65ee9c16a58d,ZECUSDT,LONG_BIAS,LONG,2026-07-05T10:25:48.901768+00:00,454.76,163697.3239199993,0.9434040787805944,0.6189657733245232,BUY_AGGRESSION,5015776.788179893,454.85,454.62,454.0,0.0010115225613511224,0.002001055501803079,-0.0016712111883190933,2026-07-05T10:40:51.305880+00:00
ca8e6765-3a08-42b3-90bd-c797efc14b73,WLDUSDT,LONG_BIAS,LONG,2026-07-05T10:37:24.389407+00:00,0.4083,100959.9308,0.15145505364628087,0.6800996235736186,BUY_AGGRESSION,-2560823.6526000104,0.4084,0.4085,0.4085,0.002204261572373284,0.0017144256674013678,0.0004898359049717804,2026-07-05T10:52:25.316432+00:00
82e503d3-37e0-4e0c-b47d-6ba3b6fa1ca7,BNBUSDT,SHORT_BIAS,SHORT,2026-07-05T10:42:04.370105+00:00,575.07,-137240.88330000004,-0.1694129081566857,0.25376790833229634,SELL_AGGRESSION,-3355160.2403999767,575.13,576.32,576.21,0.00010433512441973865,0.0027127132349104373,-0.0019823673639730575,2026-07-05T10:57:06.697311+00:00
37858ed7-8f8c-41cb-81fb-1175fe3a9208,DOGEUSDT,LONG_BIAS,LONG,2026-07-05T11:04:20.129727+00:00,0.07587,145153.06047000008,0.2505234399964463,0.6209395053635296,BULLISH_DIVERGENCE,-4369476.600150025,0.07585,0.0759,0.07587,0.0003954132068009538,0.001581652827204547,0.0,2026-07-05T11:19:20.392149+00:00
a1f3d299-3aa4-458a-9d66-03705c9934ca,AAVEUSDT,SHORT_BIAS,SHORT,2026-07-05T11:05:53.779452+00:00,88.24,-191980.94300000003,-0.3860338981113801,0.17960648947643001,SELL_AGGRESSION,-699690.8540000072,88.21,88.18,88.03,0.004419764279238447,0.0003399818676337391,0.0023798730734360127,2026-07-05T11:20:53.992574+00:00
1e413074-e264-4e57-8c29-f7398e11d5eb,ZECUSDT,LONG_BIAS,LONG,2026-07-05T11:07:10.482440+00:00,455.78,215413.33863999925,0.4760082959282921,0.6490451190804308,BUY_AGGRESSION,6183553.465619952,455.83,455.87,455.33,0.0015138882794331796,0.0013822458203519143,-0.0009873184431084924,2026-07-05T11:22:12.674811+00:00
59a81b35-60a9-4b19-a365-42aba3767690,DOGEUSDT,SHORT_BIAS,SHORT,2026-07-05T11:15:38.594476+00:00,0.07581,-179898.96594999993,-0.1767259655265611,0.15382639174153245,SELL_AGGRESSION,-4503453.547850033,0.07579,0.0758,0.07581,0.001187178472497121,0.0013190871916634068,0.0,2026-07-05T11:30:38.703810+00:00
65676bc7-2bab-40ed-aada-fcf4b01412a6,BNBUSDT,SHORT_BIAS,SHORT,2026-07-05T11:16:06.131037+00:00,575.14,-324001.99479999975,-0.6697445208538967,0.2809182318480455,TRADE_BURST,-4084650.220099998,575.04,575.48,576.15,0.0004694509162986087,0.0023298675105192334,-0.0017560941683763796,2026-07-05T11:31:07.652240+00:00
416131cc-17c3-4596-a2ac-6084caa80cfb,WLDUSDT,LONG_BIAS,LONG,2026-07-05T11:21:38.418299+00:00,0.4084,190710.3901,0.17686842800554367,0.7763606336690279,BUY_AGGRESSION,-2419969.37270001,0.4083,0.4078,0.4075,0.0007345739471107309,0.002693437806072453,-0.0022037218413320566,2026-07-05T11:36:38.782826+00:00
0ec5a17a-fe4c-4e2b-981e-59ee6db0318a,ZECUSDT,SHORT_BIAS,SHORT,2026-07-05T11:23:53.911361+00:00,454.87,-190586.66550999938,-0.3250605414352807,0.3259459586717809,SELL_AGGRESSION,5317094.404079942,455.38,454.43,457.25,0.0014289797084880895,0.0063094950205553335,-0.005232264163387332,2026-07-05T11:38:54.624660+00:00
59b18f2f-c134-4350-8cad-8b4af414af30,BNBUSDT,LONG_BIAS,LONG,2026-07-05T11:26:05.131479+00:00,576.45,230720.7019999995,0.25253932579346633,0.6896289623704257,BUY_AGGRESSION,-3830910.1867000014,576.04,576.15,577.51,0.0021510972330644616,0.0014745424581490548,0.0018388411831033833,2026-07-05T11:41:07.041412+00:00
d486b710-c88d-42f1-af29-069d72bfedc7,ZECUSDT,LONG_BIAS,LONG,2026-07-05T11:33:20.596379+00:00,455.75,228360.06624999968,0.842830284806578,0.6696747519652755,BUY_AGGRESSION,5383314.23151995,455.85,457.13,457.17,0.0043664289632474144,0.00100932528798679,0.003115743280307221,2026-07-05T11:48:23.249136+00:00
48e68517-87ef-4252-8069-77a238ecb9c1,NEARUSDT,LONG_BIAS,LONG,2026-07-05T11:34:01.935776+00:00,1.942,200794.88900000005,0.15058635691917518,0.8342419291145445,BUY_AGGRESSION,-1660516.138999965,1.941,1.951,1.95,0.00617919670442843,0.000514933058702312,0.004119464469618954,2026-07-05T11:49:02.603380+00:00
ef6aaaac-1f9a-4816-a87f-34b5b63daec5,DOTUSDT,LONG_BIAS,LONG,2026-07-05T11:36:25.788393+00:00,0.868,110330.21129999994,0.18634151965119017,0.9540610458584472,BUY_AGGRESSION,1033815.1925999996,0.867,0.867,0.868,0.001152073732718895,0.00230414746543779,0.0,2026-07-05T11:51:28.073818+00:00
191eb7ad-d386-4e66-a106-dbe806ec2093,WLDUSDT,LONG_BIAS,LONG,2026-07-05T11:40:51.996745+00:00,0.4081,157615.29829999985,0.16015284155767975,0.7043400626780771,BUY_AGGRESSION,-2201874.2928000106,0.4084,0.4076,0.4073,0.0012251899044351884,0.0031854937515315446,-0.0019603038470963558,2026-07-05T11:55:53.104610+00:00
fc1272ec-6910-4593-8fd7-5d5440d67230,DOGEUSDT,SHORT_BIAS,SHORT,2026-07-05T11:43:38.515661+00:00,0.07584,-118743.66679999993,-0.21529320466987534,0.26812033483089875,SELL_AGGRESSION,-4673029.329610025,0.07584,0.07596,0.07592,0.00013185654008452004,0.0015822784810125936,-0.0010548523206750625,2026-07-05T11:58:39.729708+00:00
51d9d19c-d562-4c6c-898e-3f574c836fb8,UNIUSDT,SHORT_BIAS,SHORT,2026-07-05T11:45:14.805539+00:00,3.135,-299792.4659999998,-0.3332971150103768,0.3719911797571417,SELL_AGGRESSION,-1164914.3719999935,3.138,3.136,3.125,0.0044657097288675575,0.0025518341307815017,0.0031897926634768064,2026-07-05T12:00:16.503742+00:00
2699de01-3de2-4166-9267-5ee84d086b26,ZECUSDT,LONG_BIAS,LONG,2026-07-05T11:54:19.347535+00:00,456.25,306016.5248500003,0.9646081524489356,0.7346118481196284,BULLISH_DIVERGENCE,6362278.519639925,456.09,456.88,456.82,0.001884931506849345,0.0012931506849314521,0.0012493150684931358,2026-07-05T12:09:20.874439+00:00
3fb0cb2a-d18f-4c0c-a5a2-7d5440ba7225,BNBUSDT,SHORT_BIAS,SHORT,2026-07-05T11:56:14.999309+00:00,577.61,-196891.33989999993,-0.4468645447636047,0.3170798030355702,SELL_AGGRESSION,-3873114.0657000057,577.67,577.2,578.05,0.001921711881719523,0.0010733886186181066,-0.0007617596648256451,2026-07-05T12:11:16.656506+00:00
5e803850-1bcf-4eba-a91f-bc8cbff7793f,BCHUSDT,SHORT_BIAS,SHORT,2026-07-05T12:03:17.237528+00:00,235.89,-191922.05952000117,-0.8506686406889943,0.4110251044997451,SELL_AGGRESSION,535378.0002100108,235.23,236.61,236.55,0.004281656704396079,0.004747975751409575,-0.002797914282080737,2026-07-05T12:18:18.848986+00:00
de14bfbb-92dd-4611-9fed-a757c23833e9,AAVEUSDT,SHORT_BIAS,SHORT,2026-07-05T12:04:10.349666+00:00,87.59,-185588.70799999993,-0.48466566882832907,0.1610223230235621,SELL_AGGRESSION,-1234755.9180000038,87.61,87.88,88.11,0.0,0.005936750770635871,-0.005936750770635871,2026-07-05T12:19:11.066837+00:00
ebfea943-1721-4262-b927-815134f2e6c0,SUIUSDT,SHORT_BIAS,SHORT,2026-07-05T12:04:42.175560+00:00,0.7411,-101320.05931999987,-0.2134528900927704,0.3542103178794396,SELL_AGGRESSION,-1331629.3270700024,0.7417,0.7421,0.7418,0.0002698691134799325,0.002833625691539591,-0.0009445418971799136,2026-07-05T12:19:44.029560+00:00
4bc1dc92-6efd-4585-bc8e-ab5e046cbe2e,WLDUSDT,LONG_BIAS,LONG,2026-07-05T12:14:15.842866+00:00,0.408,178036.63539999997,0.1693090792747856,0.7319365724268017,BUY_AGGRESSION,-2230072.367300014,0.4077,0.408,0.4104,0.007598039215686391,0.000980392156862637,0.0058823529411765035,2026-07-05T12:29:16.647096+00:00
5ff27228-9dc8-438b-8d95-5b29a0fe8575,TRXUSDT,LONG_BIAS,LONG,2026-07-05T12:14:40.022179+00:00,0.3266,202778.08641999998,0.27901065491011046,0.8155469094894748,TRADE_BURST,1179375.1799700004,0.32662,0.32673,0.3266,0.0021739130434782253,0.0001530924678505649,0.0,2026-07-05T12:29:40.084147+00:00
c4a76158-67a7-4b9e-af75-c5b79c71ec61,XRPUSDT,SHORT_BIAS,SHORT,2026-07-05T12:20:43.884496+00:00,1.1303,-144090.2408499997,-0.26079479157996555,0.4078199659742996,SELL_AGGRESSION,-1184336.6139700199,1.1304,1.1332,1.1343,0.00017694417411304782,0.0052198531363355,-0.0035388834822613494,2026-07-05T12:35:46.307290+00:00
1cce1c3a-816a-44c7-98bb-7bf933e2dbc6,SUIUSDT,LONG_BIAS,LONG,2026-07-05T12:29:39.460225+00:00,0.7456,211475.82615999994,0.15248757156381282,0.7436069269369281,BUY_AGGRESSION,-976956.4280700043,0.7468,0.7502,0.7456,0.006840128755364798,0.0,0.0,2026-07-05T12:44:40.131351+00:00
a613661d-5d24-418c-acf8-3a11a37052e2,DOTUSDT,LONG_BIAS,LONG,2026-07-05T12:33:38.313476+00:00,0.874,103037.90940000009,0.16150791467150727,0.5905451605055835,BUY_AGGRESSION,1060649.5670999999,0.874,0.874,0.874,0.0011441647597254015,0.002288329519450803,0.0,2026-07-05T12:48:38.638327+00:00
2c6a06ae-5399-4002-89bf-c17e1aa17208,LINKUSDT,LONG_BIAS,LONG,2026-07-05T12:34:30.726452+00:00,7.926,145810.04431999993,0.17160645280269304,0.6531817224450996,BUY_AGGRESSION,-1120120.2465900038,7.922,7.925,7.916,0.0003785011355034208,0.0016401715871814156,-0.0012616704516779948,2026-07-05T12:49:32.515417+00:00
6852691f-6d64-4e06-a4a2-7f322e6ef702,BCHUSDT,SHORT_BIAS,SHORT,2026-07-05T12:50:46.588011+00:00,240.9,-151637.6827400013,-0.4509372351543562,0.41703451685315424,SELL_AGGRESSION,396049.3711000119,240.86,241.13,241.76,0.004607721046077267,0.004317144043171408,-0.003569946035699399,2026-07-05T13:05:49.746098+00:00
54970261-7c51-48d8-9bc0-1a45e770cc62,ADAUSDT,LONG_BIAS,LONG,2026-07-05T12:50:53.805167+00:00,0.1872,104459.52630000011,0.16311560831731664,0.586671476219178,BUY_AGGRESSION,-3463439.549100018,0.1875,0.1877,0.1877,0.004807692307692223,0.0005341880341881236,0.002670940170940173,2026-07-05T13:05:56.998791+00:00
f34db08c-6c03-4fbd-8e50-c236447ae8c2,BCHUSDT,SHORT_BIAS,SHORT,2026-07-05T13:08:22.154300+00:00,241.1,-239903.4574300013,-0.5056539887633844,0.3782852242886898,TRADE_BURST,-171014.83267998844,241.36,240.21,241.1,0.01269182911654916,0.0012857735379510672,0.0,2026-07-05T13:23:22.694102+00:00
ff54333e-5ee4-4f85-87bb-fa572da8b59c,AAVEUSDT,LONG_BIAS,LONG,2026-07-05T13:08:41.272460+00:00,88.51,191067.08300000004,0.4319945947678812,0.6734254199611897,BUY_AGGRESSION,-959117.6270000023,88.51,88.51,88.42,0.0024855948480397567,0.0014687605920236093,-0.0010168342560163079,2026-07-05T13:23:43.760993+00:00
f2a15077-63b8-4277-8ef9-393a4460b7de,ADAUSDT,LONG_BIAS,LONG,2026-07-05T13:12:28.443740+00:00,0.1879,136875.41569999998,0.17166013111062786,0.6375490275928497,BUY_AGGRESSION,-3193103.8753000265,0.1885,0.1878,0.1873,0.004257583821181453,0.0037253858435338273,-0.003193187865886201,2026-07-05T13:27:30.568604+00:00
f4ac6d30-5c3d-4aca-ac0a-9c82053da743,LTCUSDT,SHORT_BIAS,SHORT,2026-07-05T13:17:26.286234+00:00,44.73,-100421.53758000012,-0.15882650162368409,0.2635093447251084,SELL_AGGRESSION,-284717.6663199996,44.75,44.73,44.65,0.002012072434607563,0.0013413816230718148,0.0017885088307623138,2026-07-05T13:32:28.770223+00:00
2c033d20-d8f2-4f8b-a3ce-1dc7919504cc,WLDUSDT,SHORT_BIAS,SHORT,2026-07-05T13:18:41.399476+00:00,0.411,-276770.86219999986,-0.16941590974804838,0.29051199289831625,SELL_AGGRESSION,-1157700.5991000158,0.4107,0.4105,0.4087,0.005839416058394058,0.000973236009732388,0.005596107055960995,2026-07-05T13:33:43.444434+00:00
e16f27f1-6d0e-41fb-8956-1688b7ea3294,ZECUSDT,LONG_BIAS,LONG,2026-07-05T13:22:10.798704+00:00,463.18,116116.45446999988,0.26985838063697526,0.6026638134040886,BULLISH_DIVERGENCE,8539167.655369785,462.0,462.1,461.95,6.47696359945868e-05,0.005354289908890752,-0.0026555550757805134,2026-07-05T13:37:12.902292+00:00
2952693c-5761-4fd3-8542-d0b5c8c6312b,BNBUSDT,SHORT_BIAS,SHORT,2026-07-05T13:22:45.675630+00:00,585.19,-491418.78610000014,-0.2567320470148708,0.37159861515594955,SELL_AGGRESSION,359845.53980004555,585.05,583.31,585.19,0.004340470616381136,0.00025632700490435116,0.0,2026-07-05T13:37:45.749017+00:00
503bffa2-6a8f-4fb6-a0a5-da4a90419c35,BCHUSDT,LONG_BIAS,LONG,2026-07-05T13:37:47.554448+00:00,238.1,136779.50082000002,0.2723774545842232,0.5852686322166554,BUY_AGGRESSION,-356635.23853998486,237.93,237.76,236.99,0.0008399832003360649,0.007349853002939942,-0.004661906761864701,2026-07-05T13:52:49.900506+00:00
7079d9b3-3902-41b5-a230-15c56867ab88,BCHUSDT,LONG_BIAS,LONG,2026-07-05T13:51:13.346189+00:00,237.0,213904.12295999867,0.5891206311921503,0.5812203160960422,BUY_AGGRESSION,-193299.35215998508,237.13,237.16,237.0,0.003080168776371265,0.0020675105485232453,0.0,2026-07-05T14:06:13.376208+00:00
2faaad17-9292-4685-af0b-dfffe16f5399,ZECUSDT,SHORT_BIAS,SHORT,2026-07-05T13:51:42.547824+00:00,463.19,-114839.8871100003,-0.41069525740437596,0.4112300731398411,SELL_AGGRESSION,8202932.356089777,462.91,463.59,463.39,0.0019214577171354874,0.003432716595781375,-0.0004317882510416646,2026-07-05T14:06:43.028445+00:00
2fc2c46a-17a8-49f9-87c7-f4bfa8ac69a8,AAVEUSDT,LONG_BIAS,LONG,2026-07-05T13:56:05.905685+00:00,88.7,113564.41700000002,0.30365450316735465,0.8315663107092156,BUY_AGGRESSION,-1163428.5589999994,88.71,88.81,88.98,0.0037204058624577033,0.0011273957158963756,0.0031567080045095956,2026-07-05T14:11:06.719616+00:00
e92404ff-fac4-4e58-9442-d7aedcb9720d,BCHUSDT,LONG_BIAS,LONG,2026-07-05T13:56:37.435623+00:00,237.3,151656.75794000004,0.15425474580110357,0.580763974060456,BUY_AGGRESSION,-49435.4147399845,237.25,237.3,237.86,0.0025705857564264018,0.003371260008428198,0.0023598820058997145,2026-07-05T14:11:38.128203+00:00
46587f83-ba12-4e4b-a80f-c596ddcf80e5,ZECUSDT,LONG_BIAS,LONG,2026-07-05T13:57:01.501283+00:00,463.71,188832.80590999976,0.25314606792463284,0.7271144969454447,BUY_AGGRESSION,8393935.54235977,464.21,464.13,462.67,0.0023074766556683986,0.0031053891440771123,-0.0022427810485000617,2026-07-05T14:12:01.784616+00:00
d2a9f89f-5cd3-40e2-a31d-94246c38c839,TRXUSDT,LONG_BIAS,LONG,2026-07-05T14:07:40.500907+00:00,0.32886,117108.71915999994,0.6538799070849792,0.6968811208086351,BUY_AGGRESSION,6808348.128300078,0.32888,0.32909,0.32949,0.002250197652496559,0.00024326461108060873,0.0019157088122605955,2026-07-05T14:22:41.856472+00:00
c9ecae89-9ce2-4856-9174-2a6ef76827ad,NEARUSDT,SHORT_BIAS,SHORT,2026-07-05T14:07:54.341193+00:00,1.972,-100846.19700000003,-0.2162818695486172,0.24603604737850127,SELL_AGGRESSION,-1116700.4569999636,1.974,1.971,1.968,0.003042596348884384,0.0010141987829614613,0.0020283975659229226,2026-07-05T14:22:57.871892+00:00
9bd2f437-4e1e-4372-b1f6-515719e85064,TRXUSDT,LONG_BIAS,LONG,2026-07-05T14:16:38.992585+00:00,0.32944,281998.24564999994,0.798441252214339,0.7496889154572108,BUY_AGGRESSION,7101237.229870065,0.32942,0.32957,0.32887,0.00048567265662941196,0.0022765905779505474,-0.0017302088392423959,2026-07-05T14:31:40.946407+00:00
6a0ff558-fdb7-474b-975b-bccca9401d7f,ZECUSDT,LONG_BIAS,LONG,2026-07-05T14:18:37.683056+00:00,461.58,166123.89939000085,0.6860201464145369,0.5949133253195344,CONFIRMED_BULLISH_ABSORPTION,7667906.1556597585,461.43,460.51,460.39,0.00045495905368524717,0.0031630486589539833,-0.002578101304215949,2026-07-05T14:33:38.049002+00:00
d1a3ad99-0034-4f89-bd04-aba5f8ab9981,SUIUSDT,SHORT_BIAS,SHORT,2026-07-05T14:21:04.054475+00:00,0.7506,-145630.75667000003,-0.21620593047581585,0.227133779187956,SELL_AGGRESSION,-105403.05342000492,0.7509,0.7516,0.7505,0.000666133759659014,0.001998401278976746,0.00013322675193192112,2026-07-05T14:36:04.743484+00:00
422dda2a-aca8-46d8-94a6-72729a951372,TRXUSDT,SHORT_BIAS,SHORT,2026-07-05T14:26:39.453902+00:00,0.32894,-219905.02170999986,-0.8545117222391877,0.15574918569010895,SELL_AGGRESSION,6892989.7616800675,0.32876,0.32887,0.32905,0.0007600170243814312,0.0004864108956040417,-0.00033440749072778924,2026-07-05T14:41:40.492587+00:00
5ebced1f-95a1-4b43-ad5c-1fd976c5c9e3,ZECUSDT,LONG_BIAS,LONG,2026-07-05T14:30:39.799447+00:00,461.37,290818.78740000026,0.4046433178909795,0.6986980586774292,BULLISH_DIVERGENCE,7399676.182579741,461.55,460.52,462.77,0.0035112816177905034,0.002709322235949455,0.00303444090426334,2026-07-05T14:45:39.977883+00:00
3f155376-252a-493d-9a1f-d29ee3b62eaa,XRPUSDT,SHORT_BIAS,SHORT,2026-07-05T14:34:39.510874+00:00,1.1337,-100139.67062999989,-0.35228675734451664,0.385505018539462,SELL_AGGRESSION,-702872.223370028,1.1339,1.1359,1.1358,0.00017641351327509747,0.0033518567522272434,-0.0018523418893887191,2026-07-05T14:49:41.669008+00:00
204c6187-0726-442d-a9ab-e68d1e0992f7,BCHUSDT,SHORT_BIAS,SHORT,2026-07-05T14:44:14.962846+00:00,237.16,-271274.00390999916,-0.6436452849453468,0.4055889058802011,SELL_AGGRESSION,-282143.92037998536,237.44,237.91,238.15,0.0008011469050429994,0.004806881430258116,-0.004174397031539927,2026-07-05T14:59:17.347868+00:00
ce25aa45-cdb0-4d02-8000-334abe348d87,DOGEUSDT,LONG_BIAS,LONG,2026-07-05T14:59:55.676011+00:00,0.07705,377234.49467000004,0.1787600624431207,0.7299305733790236,BUY_AGGRESSION,-748818.1317899928,0.07701,0.07727,0.07705,0.003763789746917748,0.000908500973393728,0.0,2026-07-05T15:14:56.468946+00:00
b0ff6db6-4564-4209-822d-620bd910f4dd,XRPUSDT,LONG_BIAS,LONG,2026-07-05T15:00:26.522354+00:00,1.136,242419.85311999993,0.1508339731922398,0.6950292619035982,BUY_AGGRESSION,62845.9558899726,1.136,1.1384,1.1355,0.0041373239436621025,0.0004401408450703741,-0.0004401408450703741,2026-07-05T15:15:28.549196+00:00
8763b7b0-8248-4d63-afcb-5a1f51daddde,TRXUSDT,LONG_BIAS,LONG,2026-07-05T15:01:27.009716+00:00,0.32986,654931.0543699999,0.19818889364416223,0.8910573914589807,BUY_AGGRESSION,7406351.972930094,0.33011,0.33007,0.33008,0.0013338992299763413,3.0315891590401992e-05,0.0006669496149881706,2026-07-05T15:16:28.260515+00:00
fe8cd0eb-99f9-435a-9997-80b2bca34efd,LINKUSDT,LONG_BIAS,LONG,2026-07-05T15:03:12.128852+00:00,7.974,153506.18589000008,0.3846856124224628,0.7045167802530464,BUY_AGGRESSION,-799399.0394600054,7.998,8.0,7.97,0.004263857536995099,0.0012540757461750422,-0.0005016302984700837,2026-07-05T15:18:13.217176+00:00
f2689840-c9c1-470b-a982-d2461a738e8c,DOTUSDT,LONG_BIAS,LONG,2026-07-05T15:07:24.074387+00:00,0.882,131026.6712999999,0.17054202081718645,0.6187341303256614,BUY_AGGRESSION,1206026.6285999927,0.881,0.879,0.876,0.0,0.007936507936507943,-0.00680272108843538,2026-07-05T15:22:25.610884+00:00
2b193719-e4f9-4452-a452-6818338411f9,XRPUSDT,SHORT_BIAS,SHORT,2026-07-05T15:11:22.030395+00:00,1.1377,-815274.0795300023,-0.3308796151088259,0.3564819253811181,SELL_AGGRESSION,-124140.45497003016,1.1373,1.1372,1.1377,0.002549002373209021,8.789663355892502e-05,0.0,2026-07-05T15:26:22.485308+00:00
6b30ad1c-8804-42eb-baa1-a952413abcec,DOGEUSDT,SHORT_BIAS,SHORT,2026-07-05T15:11:22.102769+00:00,0.0771,-306071.92445000017,-0.16895478341727768,0.34920061406751307,BEARISH_DIVERGENCE,-667182.7352499929,0.07703,0.07704,0.0771,0.004280155642023307,0.0,0.0,2026-07-05T15:26:22.485308+00:00
8e44ef9e-f79a-498f-a1aa-f1db457affa3,SUIUSDT,SHORT_BIAS,SHORT,2026-07-05T15:11:32.582610+00:00,0.7543,-138892.7185200003,-0.4922523464126166,0.3458027992454065,SELL_AGGRESSION,65886.0677899948,0.7538,0.7542,0.7525,0.004242343895001963,0.00092801272703173,0.0023863184409386503,2026-07-05T15:26:35.235690+00:00
db2a3a12-214b-4fb5-9b0c-6b09ccd98178,BNBUSDT,SHORT_BIAS,SHORT,2026-07-05T15:13:48.511259+00:00,588.62,-429025.19499999995,-0.4824385263936137,0.31425420575452445,SELL_AGGRESSION,-2105599.5381999463,588.61,588.14,587.64,0.0027182222826272005,0.0008834222418537967,0.0016649111481091675,2026-07-05T15:28:50.250469+00:00
27571644-028f-4fa3-a4c8-d4e5d27c62f6,LINKUSDT,SHORT_BIAS,SHORT,2026-07-05T15:15:09.330582+00:00,7.967,-183145.53628999993,-0.3371227872492127,0.18491465782894517,SELL_AGGRESSION,-618768.1610400053,7.973,7.969,7.967,0.002133801932973448,0.001380695368394643,0.0,2026-07-05T15:30:09.908314+00:00
ac7845b8-bcf2-40ae-83e5-2b07bd7cf011,BNBUSDT,SHORT_BIAS,SHORT,2026-07-05T15:21:18.423241+00:00,587.47,-662927.8707000001,-0.9311172051373229,0.26803075029802276,SELL_AGGRESSION,-2520468.2986999527,587.64,587.28,588.99,0.0008851515822084222,0.0027575876214955735,-0.0025873661633785245,2026-07-05T15:36:20.616010+00:00
e6f7895c-4b3e-4b1b-bb29-005d9f4e5b5e,SUIUSDT,SHORT_BIAS,SHORT,2026-07-05T15:21:22.933520+00:00,0.7516,-183681.32739,-0.28568325667885897,0.23288215511235133,SELL_AGGRESSION,-234192.49975000523,0.7521,0.7524,0.7516,0.0006652474720596806,0.005721128259712573,0.0,2026-07-05T15:36:23.540579+00:00
f80b9b14-2e4e-4951-9436-ef410e10b56b,LINKUSDT,SHORT_BIAS,SHORT,2026-07-05T15:22:44.861300+00:00,7.954,-154487.9714199999,-0.17081363204567546,0.24142160334626053,SELL_AGGRESSION,-754673.620950006,7.955,7.961,7.954,0.00037716872014082397,0.0035202413879809494,0.0,2026-07-05T15:37:45.154249+00:00
8610c707-acea-4e4d-a67d-8e6c0ed84973,TRXUSDT,LONG_BIAS,LONG,2026-07-05T15:37:10.074678+00:00,0.32942,280752.1827899999,0.36337810032471907,0.8314939867783376,TRADE_BURST,8141156.564460089,0.32942,0.32971,0.32942,0.0014267500455346547,0.001032117054216523,0.0,2026-07-05T15:52:10.635849+00:00
accb0be2-4799-42fa-b8f0-a4d096b832c0,LTCUSDT,LONG_BIAS,LONG,2026-07-05T15:39:15.105344+00:00,45.37,132336.04705999992,0.1532144142685114,0.645963444018786,BUY_AGGRESSION,-60976.115519998246,45.46,45.3,45.38,0.0019836896627728326,0.001983689662772676,0.00022040996253041913,2026-07-05T15:54:17.983540+00:00
01365619-8f35-4315-8664-f24e69e71882,LINKUSDT,SHORT_BIAS,SHORT,2026-07-05T15:41:56.032906+00:00,7.956,-102794.67788999999,-0.1802982781105546,0.14618729386784177,SELL_AGGRESSION,-827515.6067300058,7.945,7.956,7.964,0.0016339869281046743,0.0012569130216188772,-0.001005530417295124,2026-07-05T15:56:57.246771+00:00
7d781086-bc24-4c78-83b1-f42374a22188,AAVEUSDT,SHORT_BIAS,SHORT,2026-07-05T15:43:07.969851+00:00,88.73,-145397.405,-0.5717609968877826,0.2808713981905508,SELL_AGGRESSION,-1745837.403000003,88.79,88.83,89.43,0.00045080581539508905,0.007889101769412857,-0.007889101769412857,2026-07-05T15:58:09.746250+00:00
ae77107d-8833-4870-94df-8a0837c04de8,BNBUSDT,SHORT_BIAS,SHORT,2026-07-05T15:44:55.068219+00:00,587.83,-325389.45080000063,-0.9757230640521619,0.3670025401579195,SELL_AGGRESSION,-3063426.0973999375,587.81,587.51,587.83,0.0009356446591702842,0.0011057618699283418,0.0,2026-07-05T15:59:55.214318+00:00
77deceb4-06f8-494a-ac08-f0fea258017a,WLDUSDT,SHORT_BIAS,SHORT,2026-07-05T15:49:20.329876+00:00,0.4025,-115946.0543000001,-0.35239811653410485,0.34539592734116964,SELL_AGGRESSION,-6041988.062199985,0.4025,0.402,0.404,0.0024844720496894433,0.0039751552795030815,-0.0037267080745341644,2026-07-05T16:04:20.957155+00:00
a12d43f9-2b05-4544-90ba-cad93e4b2731,XRPUSDT,LONG_BIAS,LONG,2026-07-05T15:50:56.576142+00:00,1.1362,194018.2883599997,0.1977751416197157,0.7033070533756739,BUY_AGGRESSION,-223891.83174002945,1.1367,1.1366,1.1369,0.0019362788241506597,0.00044006336912530094,0.0006160887167751477,2026-07-05T16:05:57.956030+00:00
494965e1-6941-43ea-9be3-6473990c1181,ADAUSDT,LONG_BIAS,LONG,2026-07-05T15:52:57.205482+00:00,0.189,269350.8093,0.22616191785781614,0.6911232155526287,BUY_AGGRESSION,-2147712.816600053,0.189,0.189,0.1889,0.004761904761904825,0.0010582010582010884,-0.0005291005291004708,2026-07-05T16:07:59.705011+00:00
67be9566-24d0-4416-98f7-51c5ebe43ab3,TRXUSDT,LONG_BIAS,LONG,2026-07-05T16:03:47.444176+00:00,0.32964,147694.25948000018,0.7469024679041174,0.7278277712983826,BUY_AGGRESSION,8457628.892000081,0.32959,0.32971,0.32964,0.001213444970270633,0.0018505035796626606,0.0,2026-07-05T16:18:48.742950+00:00
46bf293d-f2cd-44e8-9633-aa016f9c10e3,XRPUSDT,LONG_BIAS,LONG,2026-07-05T16:04:11.567724+00:00,1.1381,215665.33646000025,0.1645306621038024,0.6593698958670742,BUY_AGGRESSION,165136.9808899712,1.137,1.1362,1.137,0.0002635972234427458,0.002108777787540601,-0.000966523152622686,2026-07-05T16:19:14.006115+00:00
1575ae69-d027-40cd-99c2-780e5a3edd95,BNBUSDT,SHORT_BIAS,SHORT,2026-07-05T16:06:33.695425+00:00,588.29,-239862.53989999963,-0.23083810602998486,0.41975348545283736,BEARISH_DIVERGENCE,-3208696.217999931,588.17,587.62,585.33,0.005048530486664594,0.0005609478318517074,0.00503153206751759,2026-07-05T16:21:37.015587+00:00
482f8744-f211-4204-91da-770f53d68fe7,ZECUSDT,LONG_BIAS,LONG,2026-07-05T16:07:43.402621+00:00,461.85,176830.0986399998,0.20119402222458915,0.6234315821631116,BUY_AGGRESSION,10915847.281899665,461.86,462.8,462.57,0.003615892605824313,0.0008227779582115306,0.0015589477102954865,2026-07-05T16:22:46.687275+00:00
8ddb2e9e-038c-4416-bfc1-11e1b8ccd3f2,SUIUSDT,SHORT_BIAS,SHORT,2026-07-05T16:12:32.492743+00:00,0.7525,-101825.88530999985,-0.21276609527704257,0.2894838632968911,SELL_AGGRESSION,-254511.94246000474,0.7528,0.7527,0.7565,0.0014617940199335416,0.0075747508305648355,-0.005315614617940205,2026-07-05T16:27:36.819990+00:00
e16a0afd-e73f-423c-b2d3-518252ed4eb3,ZECUSDT,LONG_BIAS,LONG,2026-07-05T16:13:07.685185+00:00,462.86,212692.89607999913,0.25655958436304216,0.6782366716366512,BUY_AGGRESSION,11039479.60632967,463.25,462.63,461.99,0.0014259171239683018,0.0024845525644904163,-0.0018796180270492255,2026-07-05T16:28:11.451725+00:00
481b0d68-6249-432c-8cc3-b86a188c9a22,LTCUSDT,LONG_BIAS,LONG,2026-07-05T16:14:39.210754+00:00,45.57,127820.09479000006,0.3062718013292516,0.8228313803420999,BUY_AGGRESSION,42343.0594000015,45.75,45.57,45.15,0.0054860653938994955,0.009436032477507126,-0.00921658986175119,2026-07-05T16:29:40.503022+00:00
04b6627b-3f96-47e9-8643-e275ebb86df8,LTCUSDT,SHORT_BIAS,SHORT,2026-07-05T16:22:41.947500+00:00,45.41,-185395.95087000035,-0.1769077383947693,0.37030608659251474,SELL_AGGRESSION,-32342.07226999836,45.43,45.19,45.41,0.008368200836819984,0.0011010790574764208,0.0,2026-07-05T16:37:42.222288+00:00
84104d75-f48a-4ec5-b4ca-1f08a617eac7,WLDUSDT,SHORT_BIAS,SHORT,2026-07-05T16:22:42.710930+00:00,0.401,-156889.04899999994,-0.22689420525555037,0.32087673662986005,SELL_AGGRESSION,-6086152.2702,0.402,0.4019,0.402,0.0002493765586036022,0.004738154613466227,-0.002493765586034915,2026-07-05T16:37:47.478258+00:00
ed3da196-b1ff-45c5-b6c9-dced78b07d74,DOGEUSDT,SHORT_BIAS,SHORT,2026-07-05T16:27:03.652532+00:00,0.07697,-249135.86289999948,-0.2843284075194354,0.3626753419582941,SELL_AGGRESSION,-2276922.81383999,0.07699,0.07691,0.07697,0.0012992074834351419,0.0012992074834351419,0.0,2026-07-05T16:42:05.131877+00:00
89153ccb-1df6-4c84-8764-4d1d9737f5f5,AAVEUSDT,SHORT_BIAS,SHORT,2026-07-05T16:28:11.151943+00:00,89.09,-120115.34000000011,-0.1794163055783393,0.18222645292379505,SELL_AGGRESSION,-1863169.2530000003,89.11,89.14,89.21,0.0026939050398474473,0.003142889213155249,-0.0013469525199235643,2026-07-05T16:43:12.932266+00:00
b3afd665-b0ad-4295-9b4c-2c381d10ccf4,BNBUSDT,LONG_BIAS,LONG,2026-07-05T16:34:52.383523+00:00,586.26,180740.27419999999,0.21475478780104737,0.6280889014819587,BUY_AGGRESSION,-4438609.396799934,586.15,586.03,586.26,0.0009722648654181593,0.0012281240405281398,0.0,2026-07-05T16:49:54.632306+00:00
641c1b10-54e8-4ebf-ae91-a2923991bacb,WLDUSDT,LONG_BIAS,LONG,2026-07-05T16:35:16.095610+00:00,0.4024,212760.35479999997,0.20324966451973694,0.7711649630948719,BUY_AGGRESSION,-5877724.407099994,0.4024,0.4017,0.4024,0.0007455268389662587,0.0034791252485088394,0.0,2026-07-05T16:50:16.118700+00:00
7fb28aba-8a66-45c4-bb66-82bf2b70ef08,ZECUSDT,LONG_BIAS,LONG,2026-07-05T16:35:33.864366+00:00,462.56,249772.50555999955,0.1552643964095088,0.7196115133102468,BULLISH_DIVERGENCE,11371223.67539963,462.84,461.93,461.43,0.0007134209616049466,0.004172431684538237,-0.002442926323071592,2026-07-05T16:50:35.625104+00:00
64bbe06f-4122-48fe-855c-8d819a4e96c4,ZECUSDT,SHORT_BIAS,SHORT,2026-07-05T16:40:56.764362+00:00,461.8,-116370.20722000045,-0.860053349441559,0.3816626263838683,SELL_AGGRESSION,11265307.950549627,461.54,461.2,462.57,0.002533564313555686,0.0020788220008661315,-0.0016673884798613725,2026-07-05T16:56:01.042561+00:00
fb13a44c-dd3f-4384-bc25-6e4206c0327d,LINKUSDT,SHORT_BIAS,SHORT,2026-07-05T16:41:27.419172+00:00,7.939,-215117.04982999986,-0.22077541863233985,0.15955059515676379,SELL_AGGRESSION,-1198374.0907200067,7.94,7.948,7.957,0.000251920896838365,0.0022672880715455088,-0.0022672880715455088,2026-07-05T16:56:30.418528+00:00
1386eacf-f457-4c7f-935f-390ab1baaded,BCHUSDT,LONG_BIAS,LONG,2026-07-05T16:45:57.516691+00:00,239.09,119552.03028999994,0.36993227135812135,0.6605992553384157,BUY_AGGRESSION,220938.92469001273,238.92,239.22,240.36,0.0057718850642017455,0.0010456313522104646,0.005311807269229203,2026-07-05T17:00:59.853105+00:00
8eb7b951-99d8-4c51-a2cb-60f56faf7644,ZECUSDT,LONG_BIAS,LONG,2026-07-05T16:57:02.730878+00:00,462.68,165121.84790000026,0.4397697987145664,0.6577477151621798,BUY_AGGRESSION,11539327.464089544,462.82,463.1,462.89,0.0018371228494855319,0.0005187170398547789,0.00045387740987287006,2026-07-05T17:12:03.414661+00:00
6db0c5f9-947f-4ccd-9c68-f062728afe91,BNBUSDT,SHORT_BIAS,SHORT,2026-07-05T16:59:18.463018+00:00,586.36,-113807.51960000006,-0.4633001663600172,0.37111121833868665,SELL_AGGRESSION,-5124933.532799984,586.08,586.72,586.36,0.0013984582850127055,0.0014666757623303323,0.0,2026-07-05T17:14:19.178192+00:00
9f09cbc7-799f-4aea-b0d6-2916ab241cae,XRPUSDT,LONG_BIAS,LONG,2026-07-05T17:02:22.720658+00:00,1.1356,263182.75386999996,0.23149525198702103,0.6833519343679999,BUY_AGGRESSION,-605445.8287500252,1.1359,1.1358,1.1352,0.0018492426910884034,0.000616414230362736,-0.00035223670306442056,2026-07-05T17:17:24.757538+00:00
08971a7e-6369-4baf-8617-fd43650ba00b,DOGEUSDT,LONG_BIAS,LONG,2026-07-05T17:03:31.052197+00:00,0.07717,374541.64524000033,0.1565085005066034,0.7641281472465234,BUY_AGGRESSION,-2132355.911299983,0.07714,0.07718,0.07733,0.002591680704937046,0.001295840352468613,0.002073344563949637,2026-07-05T17:18:34.423151+00:00
1c2a00de-815b-42b6-bcc4-5a450941906b,BNBUSDT,LONG_BIAS,LONG,2026-07-05T17:05:31.005346+00:00,586.5,280511.3704999995,0.4131935825226317,0.681109149433398,BUY_AGGRESSION,-4861598.510600002,586.33,586.35,586.5,0.00030690537084390447,0.0016879795396419592,0.0,2026-07-05T17:20:32.228232+00:00
77080617-fe29-4aae-b391-710f6d8fb6d9,DOGEUSDT,LONG_BIAS,LONG,2026-07-05T17:11:31.982881+00:00,0.07715,100355.12078999996,0.1874969145632835,0.627750433125353,BUY_AGGRESSION,-2106175.170339983,0.0771,0.07725,0.07715,0.008943616331821258,0.001036941023979219,0.0,2026-07-05T17:26:32.786494+00:00
1d73e697-363e-4fcf-9e0a-9792700e7378,ZECUSDT,LONG_BIAS,LONG,2026-07-05T17:13:32.025038+00:00,462.77,159075.18839000002,0.31977250933066553,0.6838970319976728,BUY_AGGRESSION,12138555.862349607,463.05,462.99,462.47,0.002420208743004094,0.0018367655638869545,-0.0006482701990188529,2026-07-05T17:28:38.292651+00:00
7f18ec6b-e3c2-4463-9ea0-eb58472178ea,BCHUSDT,SHORT_BIAS,SHORT,2026-07-05T17:14:12.688883+00:00,239.13,-102101.44918000013,-0.8385143281927535,0.33260053084501856,SELL_AGGRESSION,119857.09469001197,239.07,239.51,239.39,0.0007945468991761708,0.005394555262827718,-0.0010872747041357877,2026-07-05T17:29:14.642347+00:00
7b60e9b1-1537-4eb9-8bf5-d9ef7b5356bf,BNBUSDT,SHORT_BIAS,SHORT,2026-07-05T17:15:03.378224+00:00,585.6,-705319.4860000003,-0.5320680901766817,0.16332968460383976,SELL_AGGRESSION,-5501315.619000006,585.62,585.96,585.6,1.7076502732224906e-05,0.0034153005464480873,0.0,2026-07-05T17:30:05.045232+00:00
f5b982ee-dd5c-4c3c-94d9-b334dd99e659,DOGEUSDT,LONG_BIAS,LONG,2026-07-05T17:17:39.121799+00:00,0.0773,380138.2953099997,0.21754937843770975,0.7991328951800943,BUY_AGGRESSION,-1804166.2402699797,0.07732,0.0773,0.07733,0.006985769728331342,0.0006468305304009637,0.00038809831824065006,2026-07-05T17:32:43.454801+00:00
731ca8d7-c37b-408f-a04a-28c63179ae25,ZECUSDT,LONG_BIAS,LONG,2026-07-05T17:18:34.421072+00:00,462.99,120058.5401800005,0.7763922798387245,0.6252679409498313,BUY_AGGRESSION,12258998.50162958,463.13,463.11,462.2,0.0019438864770296924,0.0035637918745545995,-0.001706300352059484,2026-07-05T17:33:36.682798+00:00
8d64109b-d36f-4a9c-93c1-621aadea9358,NEARUSDT,SHORT_BIAS,SHORT,2026-07-05T17:45:40.462191+00:00,1.975,-122861.5030000001,-0.15243620921773762,0.17089461904069855,SELL_AGGRESSION,-1869887.3229999673,1.974,1.977,1.975,0.0015189873417722093,0.001518987341772097,0.0,2026-07-05T18:00:43.006451+00:00
87c48259-b192-4bc9-8e0c-5000161445ea,BNBUSDT,LONG_BIAS,LONG,2026-07-05T17:51:55.749411+00:00,585.99,213531.5316999996,0.4025224387746054,0.7011737557568439,BULLISH_DIVERGENCE,-5268004.5650999965,585.88,585.67,586.1,0.0008361917438864299,0.001194559634123527,0.00018771651393370816,2026-07-05T18:06:57.428202+00:00
ee41eda1-9bd2-4797-858e-fb95bbdd4d32,AVAXUSDT,SHORT_BIAS,SHORT,2026-07-05T17:58:42.667505+00:00,6.923,-105461.16899999995,-0.28553552126929355,0.29393042331118574,SELL_AGGRESSION,252271.02000000275,6.923,6.917,6.923,0.0013000144446049893,0.0017333525928065242,0.0,2026-07-05T18:13:42.978698+00:00
bb647200-e845-4ad4-bb2c-5974a43bfa40,BNBUSDT,SHORT_BIAS,SHORT,2026-07-05T17:59:09.840162+00:00,585.83,-197674.34290000043,-0.6357627526818435,0.3038306027634471,SELL_AGGRESSION,-5459943.604699984,585.67,586.03,585.16,0.0011436764931807397,0.001109536896369215,0.0011436764931807397,2026-07-05T18:14:12.434885+00:00
459d983b-4c4c-48b3-a1d9-f4c753e63083,XRPUSDT,LONG_BIAS,LONG,2026-07-05T18:04:32.986801+00:00,1.1352,127820.59382000013,0.16205610813768873,0.5809778812589533,BUY_AGGRESSION,727461.8015799738,1.1368,1.1364,1.1352,0.0020260747004932776,8.809020436926444e-05,0.0,2026-07-05T18:19:34.027621+00:00
b0c095e6-e112-4948-9514-a61171f5b393,BNBUSDT,LONG_BIAS,LONG,2026-07-05T18:05:20.069396+00:00,586.14,276708.3324000002,0.4268636943100781,0.7259257474454545,BUY_AGGRESSION,-5241694.927599974,586.14,585.82,586.14,0.00018766847510835917,0.003941037977274961,0.0,2026-07-05T18:20:20.130090+00:00
b87dbadd-a09f-4d43-8dc6-c413e3c49d36,BNBUSDT,SHORT_BIAS,SHORT,2026-07-05T18:16:37.681171+00:00,585.1,-313766.02000000037,-0.29518389274659507,0.2152788876973499,TRADE_BURST,-5765352.157699976,584.31,584.14,585.1,0.002170569133481425,0.0015381985985301269,0.0,2026-07-05T18:31:38.312187+00:00
29819408-1f3d-4640-b1fe-b03abeb80b21,ZECUSDT,LONG_BIAS,LONG,2026-07-29T09:56:50.427883+00:00,461.87,108509.06342000008,0.9808963223672451,0.6431286420563027,BUY_AGGRESSION,108509.06341999998,461.9,462.43,460.8,0.002121809167081686,0.0025764825600277084,-0.002316669192629946,2026-07-29T10:11:50.975640+00:00
6f1d0cbb-74a1-40ef-bd9e-5f23723e8f61,DOGEUSDT,SHORT_BIAS,SHORT,2026-07-29T10:05:39.521757+00:00,0.07087,-115516.14685000002,-0.1607998416484221,0.35282162961271946,SELL_AGGRESSION,-83921.59501000006,0.07083,0.07081,0.07068,0.003527585720333007,0.0,0.002680965147453023,2026-07-29T10:20:39.969187+00:00
cf4edf23-e573-48d9-a951-55e937277594,AAVEUSDT,SHORT_BIAS,SHORT,2026-07-29T10:09:19.342096+00:00,98.34,-118356.03500000002,-0.1828888359465608,0.26771819533317665,SELL_AGGRESSION,-32540.453999999878,98.29,98.08,98.02,0.0036607687614398964,0.0,0.003254016676835544,2026-07-29T10:24:19.848852+00:00
d817ee97-e391-483a-bddc-abd68fa913ca,WLDUSDT,SHORT_BIAS,SHORT,2026-07-29T10:14:56.030521+00:00,0.3107,-243064.95290000012,-0.15478902230959757,0.17065594533898262,SELL_AGGRESSION,-9494.536799999853,0.3106,0.3114,0.3092,0.005149662053427713,0.003218538783392343,0.004827808175088514,2026-07-29T10:29:56.643861+00:00
7e41944b-99b6-4693-be9e-c623c7380ca1,UNIUSDT,LONG_BIAS,LONG,2026-07-29T10:15:43.656343+00:00,3.994,221794.73200000013,0.16607211373250763,0.701273324860971,BUY_AGGRESSION,294543.091,3.998,3.993,4.018,0.010015022533800598,0.001502253380070162,0.006009013520280314,2026-07-29T10:30:44.576710+00:00
7341f54b-2ac0-405e-80f3-85a1ef0a3ba6,BNBUSDT,SHORT_BIAS,SHORT,2026-07-29T10:17:09.100736+00:00,573.1,-192132.3407,-0.7937541177788975,0.19916298055253198,SELL_AGGRESSION,-35151.432,573.09,573.3,573.1,0.00040132612109582654,0.0003664281975221125,0.0,2026-07-29T10:32:09.113679+00:00
1e9d260d-d3c6-4d5a-9812-378cf4aae3b7,UNIUSDT,LONG_BIAS,LONG,2026-07-29T10:25:49.583130+00:00,4.02,361526.2019999995,0.16647170168963468,0.7764514877958242,BUY_AGGRESSION,885637.4459999984,4.017,4.019,4.0,0.0034825870646766756,0.005472636815920238,-0.004975124378109347,2026-07-29T10:40:50.004982+00:00
1431afb7-83ac-4696-880c-b702111a39cb,XRPUSDT,SHORT_BIAS,SHORT,2026-07-29T10:27:14.615403+00:00,1.0878,-313252.51330999995,-0.2313231430497866,0.34484907257829295,SELL_AGGRESSION,338435.32050000224,1.0879,1.0868,1.0875,0.001654715940430248,0.0001838573267144493,0.00027578599007187807,2026-07-29T10:42:15.581552+00:00
f427ba2e-87bf-481e-9ced-d245ec13163f,TRXUSDT,LONG_BIAS,LONG,2026-07-29T10:33:45.554917+00:00,0.32632,101429.41817000016,0.2692788745984426,0.9619487731727611,BUY_AGGRESSION,284221.39993000013,0.32634,0.32643,0.32639,0.0006128953174797069,0.0019919097818092177,0.00021451336111796547,2026-07-29T10:48:45.652586+00:00
bce6be79-7621-4c01-8444-ab43df6fd594,BNBUSDT,SHORT_BIAS,SHORT,2026-07-29T10:39:14.413356+00:00,572.28,-122190.24930000001,-0.2590108656075509,0.213543367655741,SELL_AGGRESSION,-256502.29600000015,572.22,572.6,570.99,0.00290067798979515,0.000751380443139833,0.002254141329419102,2026-07-29T10:54:15.176311+00:00
3ce4ace6-3a96-462c-a912-beab8c77f2f2,AAVEUSDT,SHORT_BIAS,SHORT,2026-07-29T10:39:41.020924+00:00,97.71,-110858.18099999992,-0.20759641032393644,0.2640580434058342,SELL_AGGRESSION,-93367.76999999981,97.71,97.9,97.05,0.007778118923344499,0.0025585917511001944,0.006754682222904479,2026-07-29T10:54:41.041414+00:00
ae37d5b2-7a00-4c3c-a22d-9e3492fa1d0a,DOGEUSDT,SHORT_BIAS,SHORT,2026-07-29T10:40:15.527174+00:00,0.07056,-141392.00544999982,-0.19000177809988522,0.2605313579351013,SELL_AGGRESSION,-558384.8666600019,0.07058,0.07066,0.07047,0.0017006802721087743,0.0018424036281179863,0.0012755102040815315,2026-07-29T10:55:16.201285+00:00
1518d494-f4cb-44c1-8791-b66990e8cc29,BNBUSDT,SHORT_BIAS,SHORT,2026-07-29T10:53:38.023910+00:00,571.05,-372572.0985000002,-0.4558164792215636,0.35308166151419784,TRADE_BURST,-988831.6198999982,570.79,570.87,571.6,0.0005778828473862661,0.0009981612818493128,-0.000963138078977442,2026-07-29T11:08:38.946732+00:00
ae0f4190-a6ce-45b6-be98-395a925e9bdb,DOGEUSDT,SHORT_BIAS,SHORT,2026-07-29T10:55:42.239299+00:00,0.07049,-365726.08363999997,-0.17694912068488058,0.2144649236002213,SELL_AGGRESSION,-523062.78596000175,0.07049,0.07055,0.07067,0.0007093204709887147,0.002553553695559648,-0.002553553695559648,2026-07-29T11:10:42.778835+00:00
e4bb545b-442a-484c-8744-ca763a586e37,AAVEUSDT,LONG_BIAS,LONG,2026-07-29T11:00:32.290187+00:00,97.17,146499.18600000007,0.1502305828229525,0.7016974561219271,BUY_AGGRESSION,-451713.8739999993,97.14,96.94,96.97,0.0004116496861170324,0.003704847175054023,-0.002058248430585601,2026-07-29T11:15:32.359762+00:00
ea91831a-790b-4d2c-913f-d86c29cfebae,DOGEUSDT,LONG_BIAS,LONG,2026-07-29T11:03:48.815870+00:00,0.07059,181571.52297000008,0.2766595138284712,0.7468870936791445,BUY_AGGRESSION,-468341.94492000045,0.07054,0.07065,0.07057,0.001416631250885435,0.0011333050007082694,-0.00028332625017716564,2026-07-29T11:18:49.684997+00:00
e54103ee-33ff-45d7-ad98-bfef941a323b,BCHUSDT,LONG_BIAS,LONG,2026-07-29T11:10:10.406236+00:00,212.15,150830.51393000002,0.22604271854380464,0.7371593475749326,BUY_AGGRESSION,-45575.718099999984,211.99,212.05,211.97,0.0006127739806740299,0.0017440490219184754,-0.000848456280933334,2026-07-29T11:25:11.197466+00:00
b42126c3-e5fa-4c5d-afde-95eb0838614a,AAVEUSDT,LONG_BIAS,LONG,2026-07-29T11:12:40.737297+00:00,96.99,102067.57300000009,0.16733687770967198,0.6639630313190781,BUY_AGGRESSION,-556287.9880000001,97.12,96.93,97.39,0.0044334467470873995,0.001958964841736238,0.004124136508918504,2026-07-29T11:27:41.096227+00:00
5a2e35da-b1f2-4f2f-9250-f5f22ecae26c,TRXUSDT,LONG_BIAS,LONG,2026-07-29T11:13:25.169045+00:00,0.32691,495290.8874999994,0.3434936701738032,0.9134834208872309,BUY_AGGRESSION,605566.7499900002,0.32731,0.32742,0.32729,0.0016518307791136414,0.0,0.0011623994371541004,2026-07-29T11:28:25.700841+00:00
5d255238-3ee1-4e2d-9b93-60465cfb47bf,SUIUSDT,LONG_BIAS,LONG,2026-07-29T11:13:25.174569+00:00,0.6906,119335.59154999998,0.15087133686197526,0.813816521183068,BUY_AGGRESSION,-150027.3633300002,0.6908,0.6903,0.6896,0.0011584129742253444,0.0017376194613379363,-0.0014480162177816405,2026-07-29T11:28:25.700841+00:00
1dc3d408-41f2-43cc-aad6-57a568e48560,WLDUSDT,SHORT_BIAS,SHORT,2026-07-29T11:13:33.176059+00:00,0.3067,-194763.3792999999,-0.16847004722997985,0.18801824960592356,SELL_AGGRESSION,-849912.0324999989,0.3065,0.3065,0.3062,0.0032605151613953227,0.001956309096837447,0.001630257580697571,2026-07-29T11:28:33.662132+00:00
e20f547c-549b-48ba-8087-644fc0ed0b3d,ZECUSDT,SHORT_BIAS,SHORT,2026-07-29T11:20:40.578430+00:00,458.59,-159988.86388000002,-0.9598321867533891,0.3480313319133797,SELL_AGGRESSION,-1262035.0991300088,459.03,457.67,457.92,0.002398656752218683,0.0011775224056347075,0.0014610000218058814,2026-07-29T11:56:17.448853+00:00
33f9bea0-6bc8-4d4c-ac73-4fa4591d0deb,ZECUSDT,LONG_BIAS,LONG,2026-07-29T11:30:56.963485+00:00,458.33,187512.5071399997,0.9456786339663191,0.7388224612518073,BUY_AGGRESSION,-1154740.5730600078,458.15,457.92,457.92,0.00024000174546726953,0.0010036436628629581,-0.0008945519603778242,2026-07-29T11:56:17.448853+00:00
fbc6e647-304b-4b18-980f-135f292c09cf,AAVEUSDT,SHORT_BIAS,SHORT,2026-07-29T11:56:17.430945+00:00,97.37,-140856.04200000007,-0.32751482392777487,0.37706414112113523,SELL_AGGRESSION,-609103.7909999983,98.03,98.15,97.69,0.0,0.008934990243401358,-0.003286433192975179,2026-07-29T12:11:17.624618+00:00
2e18c1f5-30ea-4385-8e3a-4044a1710b4d,ZECUSDT,LONG_BIAS,LONG,2026-07-29T12:01:20.161925+00:00,459.65,101200.58695000008,0.22394565478567593,0.6266621904217818,TRADE_BURST,-1049482.04607001,459.19,459.22,458.69,0.00047862504079196626,0.0029805286631132484,-0.002088545632546458,2026-07-29T12:16:20.493770+00:00
cd464cea-5270-48c6-8e92-cbd72c3d0db8,AAVEUSDT,SHORT_BIAS,SHORT,2026-07-29T12:03:15.639730+00:00,98.0,-142687.9879999999,-0.223519646772054,0.3370035367749791,SELL_AGGRESSION,-725074.9429999988,98.02,97.87,97.75,0.00510204081632653,0.0003061224489796034,0.002551020408163265,2026-07-29T12:18:16.214645+00:00
37c1e398-4164-4bcf-86d1-e032eb9d45db,ZECUSDT,SHORT_BIAS,SHORT,2026-07-29T12:06:29.921778+00:00,459.13,-268866.7684600002,-0.8757681993000475,0.2920385320783392,SELL_AGGRESSION,-1304845.5644300112,458.68,458.77,458.38,0.002461176573083866,0.00021780323655614474,0.0016335242741707143,2026-07-29T12:21:31.015378+00:00
1528854a-b934-4cc2-bb90-d67a3557536c,UNIUSDT,SHORT_BIAS,SHORT,2026-07-29T12:07:10.558943+00:00,4.014,-441782.99500000046,-0.3233702926113727,0.2610236299334107,SELL_AGGRESSION,877578.6709999968,4.012,4.018,4.025,0.002242152466367798,0.004733432984554092,-0.0027404085700050125,2026-07-29T12:22:10.647241+00:00
436b445e-8005-4544-8e06-3e8bf79d0a93,AAVEUSDT,LONG_BIAS,LONG,2026-07-29T12:17:59.574220+00:00,97.8,160753.3919999999,0.24095208834031565,0.621249160011841,BUY_AGGRESSION,-676871.3629999992,97.8,97.93,98.29,0.005419222903885492,0.0014314928425357932,0.005010224948875349,2026-07-29T12:33:00.993322+00:00
f1acf627-37d7-423e-b92f-f70745799f4b,WLDUSDT,SHORT_BIAS,SHORT,2026-07-29T12:18:07.901370+00:00,0.3019,-148611.2785999998,-0.30710048785565364,0.32676660777879313,SELL_AGGRESSION,-1688405.5806000081,0.3024,0.3026,0.3028,0.000331235508446469,0.0052997681351440555,-0.0029811195760185887,2026-07-29T12:33:08.586125+00:00
49703399-4872-44ac-9309-b5843e010f1c,LINKUSDT,SHORT_BIAS,SHORT,2026-07-29T12:18:43.608448+00:00,8.349,-131921.72937000007,-0.32219751829456034,0.36754043467472897,TRADE_BURST,-512442.61219999974,8.351,8.352,8.347,0.0016768475266498199,0.0016768475266498199,0.00023954964666435117,2026-07-29T12:33:43.880565+00:00
2f3fb610-0421-4da6-9a59-1efedc9e07bb,BNBUSDT,LONG_BIAS,LONG,2026-07-29T12:23:36.545480+00:00,569.43,320924.26120000036,0.4886705992897092,0.6865356463418768,BUY_AGGRESSION,-1521317.178300003,569.48,569.58,569.93,0.0009658781588607349,0.0005795268953162413,0.0008780710535096501,2026-07-29T12:38:37.347024+00:00
f9a91cf4-950e-45c0-81db-8281008070cd,BNBUSDT,LONG_BIAS,LONG,2026-07-29T12:42:24.274362+00:00,570.0,118918.3926000006,0.3756730879450601,0.7215614211532161,BUY_AGGRESSION,-1197755.3704000085,569.92,570.08,569.62,0.00033333333333342906,0.0010350877192983015,-0.0006666666666666587,2026-07-29T12:57:25.198647+00:00
1bbe00e7-daef-444e-8671-b8d5feba3746,BNBUSDT,LONG_BIAS,LONG,2026-07-29T12:56:55.334565+00:00,569.65,104315.93599999999,0.8249425689709442,0.7869834221914511,BUY_AGGRESSION,-1366992.502200011,569.5,569.38,569.65,0.0002984288598263368,0.0007372948301587977,0.0,2026-07-29T13:11:55.703272+00:00
ca3ef427-7591-424c-95e0-163fe3ac233a,AAVEUSDT,SHORT_BIAS,SHORT,2026-07-29T12:57:45.868007+00:00,98.12,-100213.26099999994,-0.1743106277316351,0.23011889134993999,SELL_AGGRESSION,-595967.018999999,98.14,98.12,97.99,0.0029555646147575035,0.001834488381573508,0.0013249082755810197,2026-07-29T13:12:46.024845+00:00
1a3cea91-58e9-4c9d-876c-eabee941795c,ZECUSDT,SHORT_BIAS,SHORT,2026-07-29T12:58:50.045994+00:00,459.6,-127241.15866000007,-0.32194571364270663,0.36355133755221625,SELL_AGGRESSION,-1013766.0321200168,459.72,459.28,460.03,0.0015013054830287156,0.0024804177545691606,-0.0009355961705830068,2026-07-29T13:13:50.951419+00:00
3162d7b5-a88a-4a6a-840b-9a140a0c4f6e,ZECUSDT,LONG_BIAS,LONG,2026-07-29T13:14:59.498327+00:00,460.67,156053.89351999987,0.6135820589944456,0.6242510553247423,BUY_AGGRESSION,-806979.1423400118,460.42,459.84,463.83,0.009030325395619354,0.003039051815833534,0.006859574098595455,2026-07-29T13:30:00.331537+00:00
e49e6ddc-67a7-4d4e-bfdf-6ba2074d1890,AAVEUSDT,LONG_BIAS,LONG,2026-07-29T13:16:46.116036+00:00,98.21,124497.775,0.1549334997867454,0.7694418925881366,BUY_AGGRESSION,-1032103.3740000003,98.05,97.98,98.28,0.002749210874656453,0.0035637918745544685,0.0007127583749109805,2026-07-29T13:31:46.406258+00:00
f6db761d-ca00-437d-9e81-94a0dd8b468d,TRXUSDT,SHORT_BIAS,SHORT,2026-07-29T13:19:04.973389+00:00,0.32669,-226643.30153999996,-0.7240343375034791,0.08522016876450042,SELL_AGGRESSION,420574.56335999735,0.32661,0.32653,0.32662,0.0004897609354433668,3.0610058465242284e-05,0.00021427040925635615,2026-07-29T13:34:05.116445+00:00
addfa31a-70a2-4dfe-bd49-be56bca56f02,BCHUSDT,SHORT_BIAS,SHORT,2026-07-29T13:23:51.978709+00:00,210.46,-166040.37289999996,-0.5045056732405367,0.19997275916337778,SELL_AGGRESSION,-278258.94837999897,210.56,210.39,210.86,0.001140359213152186,0.004418891950964451,-0.001900598688586932,2026-07-29T13:38:52.333882+00:00
b0773d97-f7e8-4bc4-bb5d-802f7dab2309,ZECUSDT,LONG_BIAS,LONG,2026-07-29T13:24:05.818051+00:00,460.55,153524.45508000016,0.980625302041762,0.680502173195046,BUY_AGGRESSION,-713024.8535100148,461.2,463.91,465.26,0.01689284551080224,0.0,0.010226902616436825,2026-07-29T13:39:06.063870+00:00
b27d5a32-5e34-4808-ad52-002ee6d707f4,AVAXUSDT,LONG_BIAS,LONG,2026-07-29T13:28:17.411253+00:00,6.392,128968.22199999998,0.17124462072108043,0.7392428818019171,TRADE_BURST,-282076.7459999984,6.388,6.398,6.386,0.0021902377972464557,0.0020337922403004987,-0.0009386733416771319,2026-07-29T13:43:18.246367+00:00
5e011eb6-31f7-497b-a850-132e5c6119dd,BNBUSDT,LONG_BIAS,LONG,2026-07-29T13:32:47.198276+00:00,570.2,102472.90029999986,0.9231493922499526,0.5996216661117354,TRADE_BURST,-1294185.0222000084,569.94,569.65,569.8,0.00010522623640818209,0.0019817607856892237,-0.0007015082427220114,2026-07-29T13:47:47.781272+00:00
43f0b5b3-d087-431d-8850-d7ddb6625738,LINKUSDT,LONG_BIAS,LONG,2026-07-29T13:37:34.229471+00:00,8.334,103184.93004999994,0.1769379185834439,0.6180414835707874,BUY_AGGRESSION,-712433.5751600004,8.331,8.339,8.319,0.00119990400767936,0.002039836813054891,-0.0017998560115189337,2026-07-29T13:52:34.546261+00:00
59012235-bfa8-4ac8-b175-a8252843a01e,BNBUSDT,SHORT_BIAS,SHORT,2026-07-29T13:39:57.583270+00:00,569.93,-144816.164,-0.27835788544524065,0.380863541823314,SELL_AGGRESSION,-1394778.1335000044,569.65,570.11,569.71,0.0013510431105574052,0.0009474847788326239,0.00038601231730197325,2026-07-29T13:54:58.713627+00:00
f4511697-161b-4ec8-a447-0023370bf3fd,AAVEUSDT,SHORT_BIAS,SHORT,2026-07-29T13:41:43.529201+00:00,98.64,-139119.97500000012,-0.4007097235073989,0.3282889983766419,SELL_AGGRESSION,-754216.9579999981,98.76,98.55,98.14,0.005677210056772124,0.0024330900243308483,0.005068937550689375,2026-07-29T13:56:43.696988+00:00
590c68cc-0933-42eb-8b33-d193d91d82ae,UNIUSDT,LONG_BIAS,LONG,2026-07-29T13:43:58.359514+00:00,4.062,105678.03700000004,0.18925101108593861,0.6019557679221564,BUY_AGGRESSION,782898.7919999991,4.069,4.064,4.044,0.0022156573116689938,0.0071393402264893924,-0.004431314623338425,2026-07-29T13:58:58.600112+00:00
e3dfaeab-0316-45ff-b9c3-57f871cbcb1c,ZECUSDT,SHORT_BIAS,SHORT,2026-07-29T13:54:17.265778+00:00,465.07,-416748.35115999985,-0.6355415277988402,0.3649407058657706,SELL_AGGRESSION,604068.27680998,464.26,465.44,465.45,0.00455845356612984,0.005031500634313183,-0.0008170812995892993,2026-07-29T14:09:17.679710+00:00
a7c3c60d-7492-4f6a-9090-0bd715e35957,BNBUSDT,SHORT_BIAS,SHORT,2026-07-29T13:55:06.235532+00:00,569.54,-132519.00780000002,-0.48872349748576943,0.3946711379939509,SELL_AGGRESSION,-1279061.5754000081,569.16,570.64,569.72,0.0015451065772377629,0.002352775924430298,-0.0003160445271623831,2026-07-29T14:10:07.389270+00:00
0425b57c-6c91-4288-a0f9-c27fcecf1592,UNIUSDT,SHORT_BIAS,SHORT,2026-07-29T14:00:14.196038+00:00,4.049,-159942.131,-0.17011792608875048,0.3647775358266739,SELL_AGGRESSION,559464.980999998,4.05,4.038,4.024,0.007409236848604654,0.00024697456162001624,0.006174364040503915,2026-07-29T14:15:15.064545+00:00
be993e24-d3e5-43dc-ab9a-df760c0d7713,ZECUSDT,LONG_BIAS,LONG,2026-07-29T14:00:19.703094+00:00,466.39,360388.39917000115,0.7958985495781862,0.5845683437610202,BUY_AGGRESSION,945602.6181199794,466.75,466.48,463.68,0.0021870108707305875,0.008254893972855263,-0.005810587705568257,2026-07-29T14:15:20.440754+00:00
ded4b150-3ba7-45c1-a83f-d6e9ec3f21bd,AAVEUSDT,LONG_BIAS,LONG,2026-07-29T14:02:23.199565+00:00,98.74,147858.2,0.17972496987759184,0.6718059750983205,BUY_AGGRESSION,-346335.0629999983,98.75,98.74,98.75,0.004456147457970548,0.004354871379380116,0.0001012760785902888,2026-07-29T14:17:24.153251+00:00
a5b1d3a3-7eb0-48d8-947e-2fd5a8d68f1b,XRPUSDT,SHORT_BIAS,SHORT,2026-07-29T14:07:06.885552+00:00,1.0736,-672277.1721499998,-0.31523084407257923,0.3386400781289779,SELL_AGGRESSION,-4206591.175040004,1.0734,1.0733,1.0739,0.0025149031296573645,0.000652011922503654,-0.00027943368107299454,2026-07-29T14:22:07.110934+00:00
3c72140b-68ee-4e96-a2dc-84858f899cd0,UNIUSDT,SHORT_BIAS,SHORT,2026-07-29T14:08:41.254096+00:00,4.038,-211600.38099999994,-0.18251513604313904,0.21983436706453954,SELL_AGGRESSION,383444.05399999884,4.039,4.033,4.033,0.004705299653293741,0.001981178801386827,0.0012382367508667392,2026-07-29T14:23:42.017409+00:00
bcc6b1f5-e7a2-4da8-a2e8-54266152075b,LINKUSDT,SHORT_BIAS,SHORT,2026-07-29T14:12:51.076604+00:00,8.313,-100349.96347000008,-0.28562704357849206,0.2647194745412214,SELL_AGGRESSION,-1013981.7504300051,8.301,8.303,8.279,0.005653795260435534,0.0003608805485384474,0.004089979550102333,2026-07-29T14:27:51.406955+00:00
0e1ec1c2-a81f-429b-afba-70ba78dd3841,UNIUSDT,SHORT_BIAS,SHORT,2026-07-29T14:14:01.089490+00:00,4.033,-223081.4640000001,-0.1683745740821861,0.34456687321745855,SELL_AGGRESSION,162527.53599999918,4.029,4.04,4.032,0.004959087527894981,0.003223406893131639,0.00024795437639482616,2026-07-29T14:29:01.744596+00:00
88de3ab8-f7c8-4de0-be2b-02ba2d05e48c,AAVEUSDT,SHORT_BIAS,SHORT,2026-07-29T14:14:40.601835+00:00,98.39,-110132.97399999987,-0.25803031910177204,0.3635760109141002,TRADE_BURST,-403543.2469999981,98.58,98.59,98.61,0.0013212724870413197,0.0050818172578514075,-0.0022359995934546077,2026-07-29T14:29:40.647607+00:00
8fa6e28d-bd46-42a3-ad6f-87e48e9934fc,WLDUSDT,SHORT_BIAS,SHORT,2026-07-29T14:15:35.225418+00:00,0.3052,-156916.5249999999,-0.15543290534185822,0.3212152636431369,SELL_AGGRESSION,-1715281.6287000137,0.3055,0.3054,0.3054,0.00557011795543917,0.0039318479685451465,-0.0006553079947574638,2026-07-29T14:30:36.336871+00:00
571faafb-3454-4282-b7a7-979a4dccd921,LTCUSDT,LONG_BIAS,LONG,2026-07-29T14:21:51.261813+00:00,45.15,116119.03320000002,0.16444931542094599,0.788975473941743,BUY_AGGRESSION,-104359.25790999972,45.14,45.08,45.07,0.0004429678848284192,0.002657807308970043,-0.0017718715393133621,2026-07-29T14:36:51.483652+00:00
6feede83-a135-4eae-9f13-6694d9c71c67,UNIUSDT,SHORT_BIAS,SHORT,2026-07-29T14:28:09.845905+00:00,4.027,-115074.18600000005,-0.268222200085904,0.3824192126659175,SELL_AGGRESSION,-112119.2040000008,4.035,4.034,4.012,0.004718152470821984,0.0022349143282839466,0.003724857213806945,2026-07-29T14:43:10.560962+00:00
0066fc5a-efa4-41b0-9258-17cfb3688e10,BNBUSDT,LONG_BIAS,LONG,2026-07-29T14:32:25.519545+00:00,569.2,279935.6499000001,0.33550694888478105,0.7645853523776726,BUY_AGGRESSION,-1637332.6070000073,569.5,568.37,569.2,0.0005446240337314571,0.0026177090653548996,0.0,2026-07-29T14:47:25.610687+00:00
1f436169-1098-4bcf-9fa5-6aaeb20c03b2,AAVEUSDT,SHORT_BIAS,SHORT,2026-07-29T14:38:41.156376+00:00,98.18,-191967.2259999997,-0.5758429038302261,0.34368635360600625,SELL_AGGRESSION,-493640.9599999981,98.22,98.14,98.09,0.0017315135465471756,0.002750050926868975,0.0009166836422897067,2026-07-29T14:53:41.866863+00:00
55326bcf-732d-4573-8d8e-cf129569780c,BNBUSDT,LONG_BIAS,LONG,2026-07-29T14:53:30.722739+00:00,569.21,215627.2717000001,0.7436107532352668,0.6579519047184763,BUY_AGGRESSION,-1548511.0755000135,569.1,568.69,569.39,0.0004743416313838158,0.0013000474341631544,0.0003162277542558106,2026-07-29T15:08:31.899083+00:00
8a5b11b7-d7bb-4972-9fb9-39e6ed46cd3b,UNIUSDT,SHORT_BIAS,SHORT,2026-07-29T14:58:27.217911+00:00,4.0,-165592.853,-0.1567029595487581,0.29212400616392986,SELL_AGGRESSION,-356593.96300000127,4.004,4.009,3.996,0.005249999999999977,0.00275000000000003,0.0010000000000000009,2026-07-29T15:13:27.634988+00:00
a74d5076-ffcc-4a4e-a521-a4359c000faf,BNBUSDT,LONG_BIAS,LONG,2026-07-29T15:03:35.626772+00:00,569.28,104061.21479999996,0.8219172853712953,0.7070025486271616,BUY_AGGRESSION,-1414983.8992000148,569.11,569.4,569.1,0.0009310005621134991,0.0005796795952781184,-0.0003161888701516828,2026-07-29T15:18:36.222602+00:00
881bb30f-b045-49d3-9afd-8b72d4245585,ZECUSDT,LONG_BIAS,LONG,2026-07-29T15:10:48.330309+00:00,462.78,147849.4768999999,0.8509008281641214,0.6436590079848254,BULLISH_DIVERGENCE,166142.1779799835,461.73,462.89,462.78,0.001966377112234809,0.0031332382557586512,0.0,2026-07-29T19:42:52.942295+00:00
61a4717c-c291-4c90-9025-fe5c02d6d997,DOGEUSDT,LONG_BIAS,LONG,2026-07-29T15:14:03.466331+00:00,0.07021,101539.02894000002,0.220337580208267,0.6297336689248072,BUY_AGGRESSION,-3162737.7328100256,0.07015,0.07009,0.07018,0.0007121492664863748,0.0037031761857284767,-0.0004272895598915877,2026-07-29T19:42:52.942295+00:00
e7676a77-e7b2-4cf2-bf3b-882e5dbfb0cf,XRPUSDT,LONG_BIAS,LONG,2026-07-29T15:16:43.489711+00:00,1.0732,416193.76535999996,0.3186163348365585,0.7454777607022334,BUY_AGGRESSION,-3345967.5077999616,1.0722,1.0698,1.0705,0.0,0.004472605292582851,-0.002515840477077828,2026-07-29T19:42:52.942295+00:00
9a380dc5-05cf-4780-be2d-d521a3ffe878,UNIUSDT,SHORT_BIAS,SHORT,2026-07-29T15:17:55.745089+00:00,3.985,-102145.48700000015,-0.15109559791181987,0.30255709084417715,SELL_AGGRESSION,-721343.465000001,3.978,3.978,3.978,0.004015056461731497,0.0010037641154328743,0.0017565872020074464,2026-07-29T19:42:52.942295+00:00
c1c6eab4-9247-4d1e-a5f4-63db05cda443,AAVEUSDT,LONG_BIAS,LONG,2026-07-29T15:19:46.860426+00:00,97.94,125610.40900000057,0.22967478591369875,0.5841311785407146,BUY_AGGRESSION,-275661.66999999806,98.08,98.25,98.3,0.0039820298141719475,0.0009189299571166369,0.0036757198284664023,2026-07-29T19:42:52.942295+00:00
7680ad5e-b019-4697-ba45-5d17c656ec7d,BNBUSDT,SHORT_BIAS,SHORT,2026-07-29T15:22:08.125952+00:00,568.32,-410083.7470000006,-0.6190436291528605,0.23357117554840479,SELL_AGGRESSION,-1821545.1220000142,568.59,568.67,568.67,8.797860360372362e-05,0.0010733389639637878,-0.0006158502252250651,2026-07-29T19:42:52.942295+00:00
01f4a34b-9dd0-48ca-bfa7-f78fdedaa2f8,AAVEUSDT,LONG_BIAS,LONG,2026-07-29T15:24:48.338485+00:00,98.25,231974.45399999956,0.15757217401700588,0.7282301161912883,BUY_AGGRESSION,-42815.549999998344,98.3,98.3,98.3,0.0006106870229007865,0.0,0.0005089058524172738,2026-07-29T19:42:52.942295+00:00
d401469c-c279-4653-adf6-b94a462e6f6d,AAVEUSDT,LONG_BIAS,LONG,2026-07-29T19:42:52.873878+00:00,98.3,237915.91199999955,0.3342331110440137,0.7493100588139154,BUY_AGGRESSION,-21823.95099999834,98.14,98.14,98.14,0.0,0.0016276703967446245,-0.0016276703967446245,2026-07-29T23:42:43.009364+00:00
c40b8adf-9b11-4c21-88d2-fb952c602064,BNBUSDT,SHORT_BIAS,SHORT,2026-07-29T19:42:54.235570+00:00,568.47,-122347.25410000011,-0.9656615081688161,0.3734933341703357,SELL_AGGRESSION,-1822356.5720000148,,,568.47,0.0,0.0,0.0,2026-07-29T23:42:43.009364+00:00
974d04d4-7557-4842-a20d-6bf45ad850aa,LINKUSDT,LONG_BIAS,LONG,2026-07-29T23:42:47.792387+00:00,8.27,149229.89091999998,0.21645791897476688,0.7020011920757595,SELL_AGGRESSION,-1223337.6273600063,8.319,8.319,8.319,0.005925030229746223,0.0,0.005925030229746223,2026-07-30T02:00:21.942568+00:00
162ade62-9686-4ff7-8946-123a8dd1e16f,ETHUSDT,LONG_BIAS,LONG,2026-07-30T02:00:23.177457+00:00,1909.74,2157271.2626899974,0.5823187802058387,0.7601989966847852,LARGE_TRADE,-39872225.384821,1909.74,1909.74,1909.74,0.0,0.0,0.0,2026-07-30T02:48:33.985574+00:00
c0c5d7bb-6126-4ef5-ae8f-2c11f99ae042,ZECUSDT,SHORT_BIAS,SHORT,2026-07-30T02:54:06.861563+00:00,471.6,-294551.99675999995,-0.41666083812361865,0.32106649519786085,SELL_AGGRESSION,-259710.63321000006,471.4,470.16,470.28,0.0033715012722646985,0.0006997455470737576,0.0027989821882952715,2026-07-30T03:09:07.960266+00:00
b791999c-b11e-439b-9eb5-ba51ed895b2e,TRXUSDT,SHORT_BIAS,SHORT,2026-07-30T02:57:08.595091+00:00,0.3255,-103107.88931999999,-0.2638985082332757,0.0496901164674229,SELL_AGGRESSION,-100645.93706999999,0.3255,0.32545,0.32559,0.00024577572964677263,0.0006758832565284115,-0.00027649769585247,2026-07-30T03:12:09.758981+00:00
a3c23728-8ae9-41ec-a4d2-e826a34bbc28,LTCUSDT,LONG_BIAS,LONG,2026-07-30T03:05:01.612122+00:00,45.4,153267.79006,0.1564107387451014,0.8411173878633339,BUY_AGGRESSION,157514.45942999996,45.43,45.45,45.45,0.001982378854625626,0.0006607929515418752,0.0011013215859031777,2026-07-30T03:20:01.845849+00:00
cff216a8-548b-4dcf-8deb-1fcd6a578206,SOLUSDT,LONG_BIAS,LONG,2026-07-30T03:05:02.872240+00:00,73.9,313925.47669999965,0.22254068637360688,0.6730050539927013,BUY_AGGRESSION,-702362.912799998,73.9,73.8,73.85,0.0010825439783490973,0.0028416779431665487,-0.0006765899864683541,2026-07-30T03:20:03.274204+00:00
3830da33-87f1-4ddd-ab68-a3c7e16b08c7,AAVEUSDT,LONG_BIAS,LONG,2026-07-30T03:05:51.293413+00:00,96.58,102984.97799999997,0.3413891575650396,0.7396145536920244,BUY_AGGRESSION,83519.84799999995,96.72,96.39,96.19,0.004038103126941401,0.006005384137502571,-0.004038103126941401,2026-07-30T03:20:52.641581+00:00
d7a836f6-fb29-4fd7-841e-16a4144a0a70,AVAXUSDT,LONG_BIAS,LONG,2026-07-30T03:06:32.577235+00:00,6.521,114992.52099999996,0.17220839029416316,0.7493635189390964,BUY_AGGRESSION,82379.12699999989,6.521,6.508,6.494,0.0004600521392424649,0.004140469253182048,-0.004140469253182048,2026-07-30T03:21:33.828005+00:00
39488730-0c0e-42a8-b256-ad82277c72a3,BNBUSDT,LONG_BIAS,LONG,2026-07-30T03:18:01.077132+00:00,574.81,201169.601700001,0.8117644215000159,0.5987077438042883,BUY_AGGRESSION,-2630828.5564000127,574.82,574.37,574.23,0.0009916320175363165,0.0011134113881108305,-0.001009029070475335,2026-07-30T03:33:01.785760+00:00
fbc1af80-f3ca-4aea-b3cf-6af2a50ec554,XRPUSDT,LONG_BIAS,LONG,2026-07-30T03:18:27.239451+00:00,1.0772,497059.27583999967,0.1643399356732684,0.6811892850176546,BUY_AGGRESSION,22915.519019999538,1.0757,1.0764,1.0772,0.00037133308577790193,0.0016709988860007649,0.0,2026-07-30T03:33:27.470538+00:00
e5a1c05d-7022-4bbd-ba9e-421456644f4b,UNIUSDT,LONG_BIAS,LONG,2026-07-30T03:24:49.592882+00:00,4.019,204601.9060000001,0.18228066113014613,0.8600201033634483,BUY_AGGRESSION,119353.78700000024,4.023,4.028,4.023,0.0027369992535456883,0.000995272455834896,0.000995272455834675,2026-07-30T03:39:50.209938+00:00
82209589-8a0a-4fdd-8d92-12b66518683b,LINKUSDT,LONG_BIAS,LONG,2026-07-30T03:27:35.141737+00:00,8.359,115887.97893000007,0.25941555490864227,0.8436534957045977,BUY_AGGRESSION,-9304.016089999848,8.354,8.341,8.337,0.00011963153487252612,0.0033496829764326436,-0.002631893767197062,2026-07-30T03:42:36.315517+00:00
ed88efad-26bb-42e1-8e29-9f2551190177,UNIUSDT,LONG_BIAS,LONG,2026-07-30T03:38:30.252743+00:00,4.021,103237.78899999995,0.22576673593948632,0.8053844140584979,BUY_AGGRESSION,290642.42000000057,4.022,4.02,4.034,0.003233026610295922,0.0009947774185524894,0.003233026610295922,2026-07-30T03:53:30.802736+00:00
0f964118-e170-4f2e-ae0a-567d8a30020e,ZECUSDT,LONG_BIAS,LONG,2026-07-30T03:41:31.879730+00:00,471.76,187090.7745900004,0.22928803820728713,0.6116521360737336,BUY_AGGRESSION,-785414.6559299985,471.61,472.03,472.54,0.005680854671867065,0.0006783110055960513,0.001653383076140473,2026-07-30T03:56:33.019095+00:00
1e1a0523-7e1c-445c-8de1-265cd06e5338,BTCUSDT,LONG_BIAS,LONG,2026-07-31T12:16:48.940235+00:00,63681.1,140414.5270999999,0.6188632706448163,0.671224328589198,BUY_AGGRESSION,140414.52709999998,63692.4,63721.5,63675.0,0.001114930489580111,9.578980262587401e-05,-9.578980262587401e-05,2026-07-31T12:31:49.776275+00:00
ff91c530-63c2-4650-96c6-0ff59ae999eb,XRPUSDT,LONG_BIAS,LONG,2026-07-31T12:17:43.568893+00:00,1.071,107734.58248000001,0.3144174618676783,0.8792677903386715,BUY_AGGRESSION,107734.58247999998,1.0713,1.0714,1.0701,0.0006535947712419654,0.0012138188608775509,-0.000840336134453689,2026-07-31T12:32:43.945465+00:00
f9f818e4-b5d5-48b6-a240-9d0eb0a7a141,SOLUSDT,LONG_BIAS,LONG,2026-07-31T12:17:45.590572+00:00,73.46,147831.55530000004,0.2668683409417458,0.7744604042223748,TRADE_BURST,147831.5553000001,73.46,73.52,73.48,0.0020419275796352532,0.00040838551592685716,0.00027225701061816274,2026-07-31T12:32:46.156734+00:00
aec251b2-62b9-4f9f-a61d-d99c2e6b0c93,ZECUSDT,LONG_BIAS,LONG,2026-07-31T12:19:09.262724+00:00,458.66,102316.09099000014,0.7775449746119759,0.6837109241211704,BUY_AGGRESSION,102316.09098999998,458.83,458.54,457.7,0.002267474817947856,0.0026599223825928297,-0.002093053678105866,2026-07-31T12:34:10.079976+00:00
a37bd348-743d-42d6-8f6e-227e44ea42e4,SUIUSDT,LONG_BIAS,LONG,2026-07-31T12:22:08.439570+00:00,0.6877,107688.48230000006,0.1916048254517515,0.7843463895955949,BUY_AGGRESSION,106358.07613000003,0.687,0.6889,0.688,0.003199069361640221,0.001017885705976331,0.00043623673113271335,2026-07-31T12:37:09.456506+00:00
1b7c933d-1236-45a0-a696-b545adcc0b16,DOGEUSDT,LONG_BIAS,LONG,2026-07-31T12:22:11.566459+00:00,0.06949,141357.02647999988,0.1586455749099098,0.7302156966114659,BUY_AGGRESSION,88752.81383999986,0.06941,0.06951,0.06941,0.0014390559792776352,0.002158583968916353,-0.0011512447834220283,2026-07-31T12:37:11.601015+00:00
e6eb8483-a700-4075-9472-66f4779f4fa4,AVAXUSDT,SHORT_BIAS,SHORT,2026-07-31T12:23:04.485849+00:00,6.416,-111231.4640000001,-0.15094629422478553,0.2703958426783175,SELL_AGGRESSION,-100051.23399999997,6.42,6.425,6.429,0.00046758104738156385,0.0029613466334163403,-0.002026184538653351,2026-07-31T12:38:04.947496+00:00
07b7c825-60df-46b8-a4b6-97f05361c50b,TRXUSDT,SHORT_BIAS,SHORT,2026-07-31T12:25:22.893721+00:00,0.32616,-175199.38834000003,-0.387434093707604,0.020527503625600855,SELL_AGGRESSION,-126873.41775000007,0.32615,0.32614,0.32639,0.00012263919548683005,0.0009811135638949809,-0.0007051753740495707,2026-07-31T12:40:23.888803+00:00
7f9b3338-10ad-48f3-83c3-ad533df8c5bd,ADAUSDT,LONG_BIAS,LONG,2026-08-01T12:31:56.500524+00:00,0.1729,110325.6828,0.18800123356701057,0.9995839592875188,BUY_AGGRESSION,110325.6828,0.1731,0.1733,0.1733,0.004048582995951453,0.0,0.00231347599768659,2026-08-01T12:46:56.730986+00:00
39f3938b-b247-4796-aa2b-e02a6d88e6bf,TRXUSDT,SHORT_BIAS,SHORT,2026-08-01T12:36:45.279150+00:00,0.32777,-139668.88518000004,-0.9258729930277758,0.04411003954811006,SELL_AGGRESSION,-139668.88517999998,0.32772,0.3277,0.32792,0.0003356011837568996,0.00045763797785027145,-0.00045763797785027145,2026-08-01T12:51:46.273402+00:00
1791d5ab-1ef0-4fcf-bd61-a020cc01bc20,AAVEUSDT,SHORT_BIAS,SHORT,2026-08-01T12:39:31.698242+00:00,91.13,-232994.3970000001,-0.2096554003654729,0.08396735881532992,SELL_AGGRESSION,-238287.12999999998,91.1,91.01,91.35,0.002304400307253306,0.003511467134862366,-0.002414133655217808,2026-08-01T12:54:31.748986+00:00
5f81e40b-ea91-4b11-ac21-78aaaa637ba8,DOGEUSDT,LONG_BIAS,LONG,2026-08-01T12:50:13.229291+00:00,0.06995,314583.7816999998,0.189479119905517,0.8146220092683315,BUY_AGGRESSION,520828.38914999925,0.06996,0.06993,0.07001,0.0010007147962830681,0.0010007147962830681,0.000857755539671258,2026-08-01T13:05:13.947281+00:00
0d6b7b23-f44f-426b-a4d7-d7c615e09add,AAVEUSDT,LONG_BIAS,LONG,2026-08-01T12:50:28.896907+00:00,91.36,104788.94199999998,0.19192933511416552,0.7763291783911954,BUY_AGGRESSION,-211371.53399999996,91.35,91.37,91.39,0.0015323992994746123,0.0015323992994746123,0.0003283712784588566,2026-08-01T13:05:29.701302+00:00
58e8aed1-b84d-4b77-a300-6b48d89ca224,LINKUSDT,LONG_BIAS,LONG,2026-08-01T12:57:19.372662+00:00,8.106,226567.81618000002,0.1731831999844609,0.7916783050182815,BUY_AGGRESSION,204915.59642000013,8.106,8.099,8.104,0.0002467308166790856,0.0014803849000740753,-0.0002467308166790856,2026-08-01T13:12:19.899964+00:00
788e7f88-cd48-449b-a906-8a1d19b9a9ed,ZECUSDT,SHORT_BIAS,SHORT,2026-08-01T13:17:13.334745+00:00,465.97,-208589.41949999984,-0.1928732155076036,0.3341216011668333,BEARISH_DIVERGENCE,-15766.31172000013,465.97,467.21,466.4,0.0004506727900938609,0.004356503637573175,-0.0009228061892395432,2026-08-01T13:32:14.311307+00:00
46f51c3e-4ff2-4727-b3dc-96882a2a2c09,UNIUSDT,LONG_BIAS,LONG,2026-08-01T13:18:12.172661+00:00,4.085,175676.31000000008,0.24840746336731914,0.6514954205615007,BUY_AGGRESSION,312337.81200000027,4.088,4.104,4.085,0.008812729498164132,0.00024479804161574883,0.0,2026-08-01T13:33:12.173032+00:00
f5f0c012-ae2a-491c-82b7-b493ef5324d4,DOGEUSDT,SHORT_BIAS,SHORT,2026-08-01T13:19:17.600966+00:00,0.06997,-335867.83271999995,-0.16482818890620232,0.12371027762734618,BEARISH_DIVERGENCE,433375.3067199996,0.06997,0.07002,0.07003,0.0002858367871945994,0.0008575103615834016,-0.0008575103615834016,2026-08-01T13:34:18.338424+00:00
1fcfad6d-5ac5-4ba0-9d69-772288f452fe,UNIUSDT,LONG_BIAS,LONG,2026-08-01T13:24:17.921751+00:00,4.114,303918.8970000001,0.3360948991831679,0.7526768794001485,BUY_AGGRESSION,825224.2740000002,4.111,4.107,4.104,0.002187651920272324,0.003646086533786991,-0.002430724355857994,2026-08-01T13:39:17.973578+00:00
5d8c90ea-5af6-4135-8c11-e8a574794c0d,BNBUSDT,LONG_BIAS,LONG,2026-08-01T13:25:54.343752+00:00,579.04,264046.14439999923,0.21110037822978897,0.6637162880904057,TRADE_BURST,356171.2754999995,579.15,579.59,578.65,0.0021932854379662576,0.0008462282398452769,-0.0006735285990604904,2026-08-01T13:40:55.304058+00:00
820eb360-46ec-4da5-a66b-a262a3cbb452,ZECUSDT,SHORT_BIAS,SHORT,2026-08-01T13:29:11.473804+00:00,466.66,-217709.91622,-0.5648686825639944,0.35780278444123204,SELL_AGGRESSION,182724.94076000055,466.35,467.11,466.58,0.0017143102044315161,0.001500021428877531,0.00017143102044323689,2026-08-01T13:44:12.477896+00:00
9f3e0e72-9d61-427d-9b76-0e412f21e8f4,LINKUSDT,SHORT_BIAS,SHORT,2026-08-01T13:58:01.151747+00:00,8.094,-133787.37278,-0.16836824766113614,0.09492670383550769,SELL_AGGRESSION,-92799.43539999986,8.093,8.099,8.1,0.00012354830738812032,0.0025945144551520628,-0.0007412898443291609,2026-08-01T14:13:02.058507+00:00
db7e93f8-4e15-4319-a400-63b46268d8ec,DOGEUSDT,SHORT_BIAS,SHORT,2026-08-01T14:00:07.788591+00:00,0.07006,-300314.1079499999,-0.1676758020048846,0.17745956930771511,SELL_AGGRESSION,112804.56545000429,0.07007,0.07012,0.07012,0.0004282043962318334,0.002426491578646924,-0.0008564087924636668,2026-08-01T14:15:08.155484+00:00
7eaa8e3a-f20e-4b58-abaa-f89d78e7f9c6,UNIUSDT,LONG_BIAS,LONG,2026-08-01T14:06:46.806639+00:00,4.114,168680.352,0.16379147561154325,0.6979291036045692,BUY_AGGRESSION,801296.678000005,4.109,4.098,4.118,0.0017015070491007685,0.004132231404958547,0.0009722897423433271,2026-08-01T14:21:47.182303+00:00
4fea1e34-31f2-4c55-83de-2cacc6446350,ZECUSDT,LONG_BIAS,LONG,2026-08-01T14:08:15.695912+00:00,467.45,229409.62538000062,0.21707035048821188,0.6428277976723075,BUY_AGGRESSION,-388065.38083999656,467.26,466.89,466.56,0.0007273505187721293,0.0029521873997218856,-0.0019039469461974252,2026-08-01T14:23:16.464285+00:00
1fb1c161-2bb1-478c-bab0-9e84b206e3ca,ZECUSDT,SHORT_BIAS,SHORT,2026-08-01T14:14:16.562315+00:00,466.65,-288703.46998999984,-0.7545727640789505,0.24398422586055082,SELL_AGGRESSION,-652608.3759199933,466.53,466.58,467.69,0.0012429015321975445,0.0022929390335370194,-0.002228651023250874,2026-08-01T14:29:17.551186+00:00
f86681b7-a025-4411-b185-6150dd57a1f4,ZECUSDT,LONG_BIAS,LONG,2026-08-01T14:28:25.207821+00:00,467.61,206850.31064999974,0.41375311597810605,0.7795534521179864,BUY_AGGRESSION,-514156.8914199926,467.87,467.75,468.79,0.004341224524710705,0.00017108273989016685,0.002523470413378685,2026-08-01T14:43:25.391684+00:00
